id;username;firstname;lastname;gender;email;city;categorydestinasi
1;Budi1;Budi;Santoso;Male;budi.santoso@gmail.com;Surabaya;Taman Hiburan
2;Ika2;Ika;Wahyuni;Female;ika.wahyuni@gmail.com;Malang;Cagar Alam
3;Ahmad3;Ahmad;Pratama;Male;ahmad.pratama@gmail.com;Surabaya;Pusat Perbelanjaan
4;Sari4;Sari;Indah;Female;sari.indah@gmail.com;Malang;Bahari 
5;Joko5;Joko;Susanto;Male;joko.susanto@gmail.com;Surabaya;Tempat Ibadah
6;Anita6;Anita;Putri;Female;anita.putri@gmail.com;Malang;Budaya 
7;Adi7;Adi;Kurniawan;Male;adi.kurniawan@gmail.com;Malang ;Perbelanjaan 
8;Yuli8;Yuli;Prasetyo;Female;yuli.prasetyo@gmail.com;Malang;Tempat Ibadah
9;Rudi9;Rudi;Cahyono;Male;rudi.cahyono@gmail.com;Surabaya;Taman Hiburan
10;Dewi10;Dewi;Lestari;Female;dewi.lestari@gmail.com;Malang;Cagar Alam
11;Eko11;Eko;Nugroho;Male;eko.nugroho@gmail.com;Surabaya;Budaya 
12;Maya12;Maya;Sari;Female;maya.sari@gmail.com;Malang;Pusat Perbelanjaan
13;Fajar13;Fajar;Saputra;Male;fajar.saputra@gmail.com;Surabaya;Taman Hiburan
14;Nisa14;Nisa;Fitriani;Female;nisa.fitriani@gmail.com;Malang;Cagar Alam
15;Bambang15;Bambang;Wijaya;Male;bambang.wijaya@gmail.com;Surabaya;Pusat Perbelanjaan
16;Desi16;Desi;Putri;Female;desi.putri@gmail.com;Malang;Budaya 
17;Joko17;Joko;Susilo;Male;joko.susilo@gmail.com;Surabaya;Tempat Ibadah
18;Fitri18;Fitri;Rahayu;Female;fitri.rahayu@gmail.com;Malang;Bahari 
19;Andi19;Andi;Wiranto;Male;andi.wiranto@gmail.com;Surabaya;Budaya 
20;Dian20;Dian;Pratiwi;Female;dian.pratiwi@gmail.com;Malang;Taman Hiburan
21;Dwi21;Dwi;Susanto;Female;dwi.susanto@gmail.com;Banggai  ;Cagar Alam
22;Rizki22;Rizki;Handayani;Female;rizki.handayani@gmail.com;Banggai Kepulauan ;Budaya 
23;Farhan23;Farhan;Saputra;Male;farhan.saputra@gmail.com;Bangka  ;Pusat Perbelanjaan
24;Nur24;Nur;Fitriani;Female;nur.fitriani@gmail.com;Bangka Barat ;Taman Hiburan
25;Agus25;Agus;Santoso;Male;agus.santoso@gmail.com;Bangka Selatan ;Cagar Alam
26;Siska26;Siska;Pratiwi;Female;siska.pratiwi@gmail.com;Bangka Tengah ;Pusat Perbelanjaan
27;Budi27;Budi;Susanto;Male;budi.susanto@gmail.com;Bangkalan  ;Budaya 
28;Yuni28;Yuni;Prasetyo;Female;yuni.prasetyo@gmail.com;Bangli  ;Tempat Ibadah
29;Agung29;Agung;Cahyono;Male;agung.cahyono@gmail.com;Banjar  ;Bahari 
30;Dewi30;Dewi;Lestari;Female;dewi.lestari@gmail.com;Banjarnegara  ;Budaya 
31;Edi31;Edi;Nugroho;Male;edi.nugroho@gmail.com;Bantaeng  ;Taman Hiburan
32;Sari32;Sari;Indah;Female;sari.indah@gmail.com;Bantul  ;Cagar Alam
33;Fikri33;Fikri;Saputra;Male;fikri.saputra@gmail.com;Banyu Asin ;Budaya 
34;Melisa34;Melisa;Fitriani;Female;melisa.fitriani@gmail.com;Banyumas  ;Pusat Perbelanjaan
35;Bima35;Bima;Wijaya;Male;bima.wijaya@gmail.com;Bandung;Taman Hiburan
36;Putri36;Putri;Desiana;Female;putri.desiana@gmail.com;Bandung;Cagar Alam
37;Joko37;Joko;Susilo;Male;joko.susilo@gmail.com;Bandung;Pusat Perbelanjaan
38;Rina38;Rina;Rahayu;Female;rina.rahayu@gmail.com;Bandung;Budaya 
39;Aditya39;Aditya;Wiranto;Male;aditya.wiranto@gmail.com;Bandung;Tempat Ibadah
40;Nita40;Nita;Pratiwi;Female;nita.pratiwi@gmail.com;Bandung;Bahari 
41;Jackie41;Jackie;Misselbrook;Male;jackie.misselbrook@gmail.com;Bandung;Budaya 
42;Jessamyn42;Jessamyn;Laverty;Female;jessamyn.laverty@gmail.com;Bandung;Taman Hiburan
43;Thomasa43;Thomasa;Feldhorn;Female;thomasa.feldhorn@gmail.com;Bandung;Taman Hiburan
44;Armin44;Armin;Bridgwood;Male;armin.bridgwood@gmail.com;Bandung;Cagar Alam
45;Jacquelin45;Jacquelin;Iorizzo;Female;jacquelin.iorizzo@gmail.com;Bandung;Pusat Perbelanjaan
46;Caril46;Caril;Woolner;Female;caril.woolner@gmail.com;Bandung;Bahari 
47;Reggie47;Reggie;Pllu;Male;reggie.pllu@gmail.com;Belitung Timur ;Tempat Ibadah
48;James48;James;Caunce;Male;james.caunce@gmail.com;Belu  ;Budaya 
49;Hiram49;Hiram;Sherman;Male;hiram.sherman@gmail.com;Surabaya;Perbelanjaan 
50;Corrie50;Corrie;Pauncefoot;Male;corrie.pauncefoot@gmail.com;Surabaya;Tempat Ibadah
51;Anita51;Anita;Pratiwi;Female;anita.pratiwi@gmail.com;Surabaya;Taman Hiburan
52;Ricky52;Ricky;Santoso;Male;ricky.santoso@gmail.com;Surabaya;Taman Hiburan
53;Maya53;Maya;Sari;Female;maya.sari@gmail.com;Surabaya;Cagar Alam
54;Fikri54;Fikri;Nugroho;Male;fikri.nugroho@gmail.com;Bengkulu Utara ;Pusat Perbelanjaan
55;Yuni55;Yuni;Kurniawan;Female;yuni.kurniawan@gmail.com;Berau  ;Bahari 
56;Rudi56;Rudi;Saputra;Male;rudi.saputra@gmail.com;Biak Numfor ;Tempat Ibadah
57;Siska57;Siska;Handayani;Female;siska.handayani@gmail.com;Bima  ;Budaya 
58;Agus58;Agus;Prasetyo;Male;agus.prasetyo@gmail.com;Bintan  ;Perbelanjaan 
59;Dwi59;Dwi;Cahyono;Female;dwi.cahyono@gmail.com;Bireuen  ;Tempat Ibadah
60;Budi60;Budi;Lestari;Female;budi.lestari@gmail.com;Blitar  ;Taman Hiburan
61;Rina61;Rina;Nugroho;Male;rina.nugroho@gmail.com;Blora  ;Taman Hiburan
62;Sari62;Sari;Wijaya;Female;sari.wijaya@gmail.com;Boalemo  ;Cagar Alam
63;Joko63;Joko;Susanto;Male;joko.susanto@gmail.com;Bogor  ;Pusat Perbelanjaan
64;Melissa64;Melissa;Kurniawan;Female;melissa.kurniawan@gmail.com;Bojonegoro  ;Bahari 
65;Bima65;Bima;Santoso;Male;bima.santoso@gmail.com;Bolaang Mongondow ;Tempat Ibadah
66;Putri66;Putri;Wijaya;Female;putri.wijaya@gmail.com;Bolaang Mongondow Utara;Budaya 
67;Dian67;Dian;Pratiwi;Female;dian.pratiwi@gmail.com;Bolang Mongondow Selatan;Perbelanjaan 
68;Joko68;Joko;Kurniawan;Male;joko.kurniawan@gmail.com;Bolang Mongondow Timur;Tempat Ibadah
69;Nita69;Nita;Wijaya;Female;nita.wijaya@gmail.com;Bombana  ;Taman Hiburan
70;Irma70;Irma;Rahayu;Female;irma.rahayu@gmail.com;Bondowoso  ;Taman Hiburan
71;Arif71;Arif;Nugroho;Male;arif.nugroho@gmail.com;Bone  ;Taman Hiburan
72;Santi72;Santi;Pratiwi;Female;santi.pratiwi@gmail.com;Bone Bolango ;Cagar Alam
73;Agus73;Agus;Santoso;Male;agus.santoso@gmail.com;Boven Digoel ;Pusat Perbelanjaan
74;Yulia74;Yulia;Wijaya;Female;yulia.wijaya@gmail.com;Boyolali  ;Bahari 
75;Budi75;Budi;Saputra;Male;budi.saputra@gmail.com;Brebes  ;Tempat Ibadah
76;Indah76;Indah;Kurniawan;Female;indah.kurniawan@gmail.com;Buleleng  ;Budaya 
77;Rizky77;Rizky;Cahyono;Male;rizky.cahyono@gmail.com;Bulukumba  ;Perbelanjaan 
78;Siska78;Siska;Susanto;Female;siska.susanto@gmail.com;Bulungan  ;Tempat Ibadah
79;Dani79;Dani;Lestari;Female;dani.lestari@gmail.com;Bungo  ;Taman Hiburan
80;Rudi80;Rudi;Nugroho;Male;rudi.nugroho@gmail.com;Bungo  ;Taman Hiburan
81;Sarah81;Sarah;Santoso;Female;sarah.santoso@gmail.com;Buol  ;Cagar Alam
82;Joko82;Joko;Saputra;Male;joko.saputra@gmail.com;Buru  ;Pusat Perbelanjaan
83;Nia83;Nia;Wijaya;Female;nia.wijaya@gmail.com;Buru Selatan ;Bahari 
84;Bima84;Bima;Pratiwi;Male;bima.pratiwi@gmail.com;Buton  ;Tempat Ibadah
85;Putri85;Putri;Santoso;Female;putri.santoso@gmail.com;Buton Utara ;Budaya 
86;Agus86;Agus;Rahayu;Male;agus.rahayu@gmail.com;Ciamis  ;Perbelanjaan 
87;Fitri87;Fitri;Nugroho;Female;fitri.nugroho@gmail.com;Cianjur  ;Tempat Ibadah
88;Andi88;Andi;Kurniawan;Male;andi.kurniawan@gmail.com;Cilacap  ;Taman Hiburan
89;Nina89;Nina;Pratiwi;Female;nina.pratiwi@gmail.com;Cirebon  ;Cagar Alam
90;Thatcher90;Thatcher;Bound;Male;thatcher.bound@gmail.com;Dairi  ;Budaya 
91;Ana91;Ana;Cartman;Female;ana.cartman@gmail.com;Deiyai  ;Pusat Perbelanjaan
92;Peggie92;Peggie;Lesek;Female;peggie.lesek@gmail.com;Deli Serdang ;Taman Hiburan
93;Virgilio93;Virgilio;McMeekin;Male;virgilio.mcmeekin@gmail.com;Demak  ;Cagar Alam
94;Wendy94;Wendy;O'Hingerty;Female;wendy.o'hingerty@gmail.com;Dharmas Raya ;Pusat Perbelanjaan
95;Artair95;Artair;Bummfrey;Male;artair.bummfrey@gmail.com;Dogiyai  ;Budaya 
96;Birdie96;Birdie;Kebbell;Female;birdie.kebbell@gmail.com;Dompu  ;Tempat Ibadah
97;Tabby97;Tabby;Kleinhandler;Female;tabby.kleinhandler@gmail.com;Donggala  ;Bahari 
98;Emmey98;Emmey;Redd;Female;emmey.redd@gmail.com;Empat Lawang ;Budaya 
99;Parke99;Parke;Chasen;Male;parke.chasen@gmail.com;Ende  ;Taman Hiburan
100;Lilyan100;Lilyan;Kildale;Female;lilyan.kildale@gmail.com;Enrekang  ;Cagar Alam
101;Roseanna101;Roseanna;Browncey;Female;roseanna.browncey@gmail.com;Fakfak  ;Budaya 
102;Jeremiah102;Jeremiah;Zanetello;Male;jeremiah.zanetello@gmail.com;Flores Timur ;Pusat Perbelanjaan
103;Neil103;Neil;Spottswood;Male;neil.spottswood@gmail.com;Garut  ;Taman Hiburan
104;Susie104;Susie;Viall;Female;susie.viall@gmail.com;Gayo Lues ;Cagar Alam
105;Frank105;Frank;Malham;Male;frank.malham@gmail.com;Gianyar  ;Pusat Perbelanjaan
106;Davina106;Davina;Gibard;Female;davina.gibard@gmail.com;Gorontalo  ;Budaya 
107;Jasmine107;Jasmine;Beese;Female;jasmine.beese@gmail.com;Gorontalo Utara ;Tempat Ibadah
108;Ertha108;Ertha;Hawkswood;Female;ertha.hawkswood@gmail.com;Gowa  ;Bahari 
109;Lemmie109;Lemmie;Arrow;Male;lemmie.arrow@gmail.com;Gresik  ;Budaya 
110;Ruthanne110;Ruthanne;Terne;Female;ruthanne.terne@gmail.com;Grobogan  ;Taman Hiburan
111;Frazer111;Frazer;Izhakov;Male;frazer.izhakov@gmail.com;Gunung Kidul ;Cagar Alam
112;Jessika112;Jessika;Shevlin;Female;jessika.shevlin@gmail.com;Gunung Mas ;Budaya 
113;Yancey113;Yancey;Southwell;Male;yancey.southwell@gmail.com;Indragiri Hulu ;Pusat Perbelanjaan
114;Johnny114;Johnny;Bithell;Male;johnny.bithell@gmail.com;Indramayu  ;Taman Hiburan
115;Jeanne115;Jeanne;Valentinetti;Female;jeanne.valentinetti@gmail.com;Intan Jaya ;Cagar Alam
116;Kinsley116;Kinsley;Edmonston;Male;kinsley.edmonston@gmail.com;Jayapura  ;Pusat Perbelanjaan
117;Harald117;Harald;Tennet;Male;harald.tennet@gmail.com;Jayawijaya  ;Budaya 
118;Geoffrey118;Geoffrey;Eyton;Male;geoffrey.eyton@gmail.com;Jember  ;Tempat Ibadah
119;Caprice119;Caprice;Bushen;Female;caprice.bushen@gmail.com;Jembrana  ;Bahari 
120;Clay120;Clay;Futter;Male;clay.futter@gmail.com;Jeneponto  ;Budaya 
121;Cecilio121;Cecilio;Chicchelli;Male;cecilio.chicchelli@gmail.com;Jepara  ;Taman Hiburan
122;Erie122;Erie;Spilstead;Male;erie.spilstead@gmail.com;Jombang  ;Taman Hiburan
123;Bab123;Bab;Gommery;Female;bab.gommery@gmail.com;Kaimana  ;Cagar Alam
124;Griffith124;Griffith;Couvet;Male;griffith.couvet@gmail.com;Kampar  ;Pusat Perbelanjaan
125;Fonz125;Fonz;Heal;Male;fonz.heal@gmail.com;Kapuas  ;Bahari 
126;Lyndsie126;Lyndsie;Durant;Female;lyndsie.durant@gmail.com;Kapuas Hulu ;Tempat Ibadah
127;Kerwinn127;Kerwinn;Shillaker;Male;kerwinn.shillaker@gmail.com;Karang Asem ;Budaya 
128;Burr128;Burr;Rabbitts;Male;burr.rabbitts@gmail.com;Karanganyar  ;Perbelanjaan 
129;Isidor129;Isidor;Rove;Male;isidor.rove@gmail.com;Karawang  ;Tempat Ibadah
130;Germain130;Germain;Auletta;Female;germain.auletta@gmail.com;Karimun  ;Taman Hiburan
131;Cart131;Cart;Bourdon;Male;cart.bourdon@gmail.com;Karo  ;Taman Hiburan
132;Hussein132;Hussein;Itzkovici;Male;hussein.itzkovici@gmail.com;Katingan  ;Cagar Alam
133;Elyn133;Elyn;Sharrier;Female;elyn.sharrier@gmail.com;Kaur  ;Pusat Perbelanjaan
134;Hersch134;Hersch;Bartlam;Male;hersch.bartlam@gmail.com;Kayong Utara ;Bahari 
135;Paulie135;Paulie;Ulrik;Male;paulie.ulrik@gmail.com;Kebumen  ;Tempat Ibadah
136;Reggi136;Reggi;Sowter;Female;reggi.sowter@gmail.com;Kediri  ;Budaya 
137;Francois137;Francois;Cheers;Male;francois.cheers@gmail.com;Keerom  ;Perbelanjaan 
138;Adaline138;Adaline;Kemble;Female;adaline.kemble@gmail.com;Kendal  ;Tempat Ibadah
139;Isobel139;Isobel;Collip;Female;isobel.collip@gmail.com;Kepahiang  ;Taman Hiburan
140;Fonsie140;Fonsie;Castellino;Male;fonsie.castellino@gmail.com;Kerinci  ;Taman Hiburan
141;Kati141;Kati;Dewen;Female;kati.dewen@gmail.com;Kerinci  ;Cagar Alam
142;Bliss142;Bliss;Drury;Female;bliss.drury@gmail.com;Ketapang  ;Pusat Perbelanjaan
143;Scotty143;Scotty;Vinick;Male;scotty.vinick@gmail.com;Klaten  ;Bahari 
144;Leonardo144;Leonardo;Cumbes;Male;leonardo.cumbes@gmail.com;Klungkung  ;Tempat Ibadah
145;Vicki145;Vicki;Wakeham;Female;vicki.wakeham@gmail.com;Kolaka  ;Budaya 
146;Lem146;Lem;Fortey;Male;lem.fortey@gmail.com;Kolaka Utara ;Perbelanjaan 
147;Lorianna147;Lorianna;Birchall;Female;lorianna.birchall@gmail.com;Konawe  ;Tempat Ibadah
148;Herb148;Herb;Korn;Male;herb.korn@gmail.com;Konawe Selatan ;Taman Hiburan
149;Wynn149;Wynn;Avarne;Female;wynn.avarne@gmail.com;Konawe Utara ;Taman Hiburan
150;Sephira150;Sephira;Yarham;Female;sephira.yarham@gmail.com;Kota Baru ;Taman Hiburan
151;Enriqueta151;Enriqueta;McMichael;Female;enriqueta.mcmichael@gmail.com;Kotawaringin Barat ;Cagar Alam
152;Estele152;Estele;Crathorne;Female;estele.crathorne@gmail.com;Kotawaringin Timur ;Pusat Perbelanjaan
153;Des153;Des;Brasier;Male;des.brasier@gmail.com;Kuantan Singingi ;Bahari 
154;Baily154;Baily;Lowis;Male;baily.lowis@gmail.com;Kubu Raya ;Tempat Ibadah
155;Willamina155;Willamina;Novak;Female;willamina.novak@gmail.com;Kudus  ;Budaya 
156;Hali156;Hali;Wisby;Female;hali.wisby@gmail.com;Kulon Progo ;Perbelanjaan 
157;Ned157;Ned;Krochmann;Male;ned.krochmann@gmail.com;Kuningan  ;Tempat Ibadah
158;Brewer158;Brewer;Olekhov;Male;brewer.olekhov@gmail.com;Kupang  ;Taman Hiburan
159;Nicolette159;Nicolette;Campion;Female;nicolette.campion@gmail.com;Kutai Barat ;Taman Hiburan
160;Ferdinanda160;Ferdinanda;Batchellor;Female;ferdinanda.batchellor@gmail.com;Kutai Kartanegara ;Cagar Alam
161;Dal161;Dal;Fulford;Male;dal.fulford@gmail.com;Kutai Timur ;Pusat Perbelanjaan
162;Lona162;Lona;Kent;Female;lona.kent@gmail.com;Labuhanbatu  ;Bahari 
163;Charleen163;Charleen;Lawrie;Female;charleen.lawrie@gmail.com;Labuhanbatu Selatan ;Tempat Ibadah
164;Jimmy164;Jimmy;Murden;Male;jimmy.murden@gmail.com;Labuhanbatu Utara ;Budaya 
165;Kit165;Kit;Gotling;Female;kit.gotling@gmail.com;Lahat  ;Perbelanjaan 
166;Vaclav166;Vaclav;Cranidge;Male;vaclav.cranidge@gmail.com;Lamandau  ;Tempat Ibadah
167;Maison167;Maison;Hixson;Male;maison.hixson@gmail.com;Lamongan  ;Taman Hiburan
168;Philbert168;Philbert;Hallgath;Male;philbert.hallgath@gmail.com;Lampung Barat ;Cagar Alam
169;Dolorita169;Dolorita;Tucker;Female;dolorita.tucker@gmail.com;Lampung Selatan ;Budaya 
170;Nananne170;Nananne;Flintiff;Female;nananne.flintiff@gmail.com;Lampung Tengah ;Pusat Perbelanjaan
171;Giacopo171;Giacopo;Trimby;Male;giacopo.trimby@gmail.com;Lampung Timur ;Taman Hiburan
172;Tadeas172;Tadeas;Twyning;Male;tadeas.twyning@gmail.com;Lampung Utara ;Cagar Alam
173;Orv173;Orv;Grahl;Male;orv.grahl@gmail.com;Landak  ;Pusat Perbelanjaan
174;Paolo174;Paolo;Leggett;Male;paolo.leggett@gmail.com;Langkat  ;Budaya 
175;Lisa175;Lisa;Dalliwater;Female;lisa.dalliwater@gmail.com;Lanny Jaya ;Tempat Ibadah
176;Collin176;Collin;Hawley;Male;collin.hawley@gmail.com;Lebak  ;Bahari 
177;Frank177;Frank;Barthot;Female;frank.barthot@gmail.com;Lebong  ;Budaya 
178;Arlin178;Arlin;McCuthais;Male;arlin.mccuthais@gmail.com;Lembata  ;Taman Hiburan
179;Dimitri179;Dimitri;Vazquez;Male;dimitri.vazquez@gmail.com;Lima Puluh Kota;Cagar Alam
180;Vonnie180;Vonnie;Dabnor;Female;vonnie.dabnor@gmail.com;Lingga  ;Budaya 
181;Diann181;Diann;Stoffel;Female;diann.stoffel@gmail.com;Lingga  ;Pusat Perbelanjaan
182;Bondy182;Bondy;Grayley;Male;bondy.grayley@gmail.com;Lombok Barat ;Taman Hiburan
183;Lind183;Lind;Pithcock;Female;lind.pithcock@gmail.com;Lombok Tengah ;Cagar Alam
184;Cori184;Cori;Minget;Female;cori.minget@gmail.com;Lombok Timur ;Pusat Perbelanjaan
185;Kalle185;Kalle;Beveridge;Male;kalle.beveridge@gmail.com;Lombok Utara ;Budaya 
186;Raff186;Raff;Crucetti;Male;raff.crucetti@gmail.com;Lumajang  ;Tempat Ibadah
187;Bartolomeo187;Bartolomeo;Leathwood;Male;bartolomeo.leathwood@gmail.com;Luwu  ;Bahari 
188;Jorie188;Jorie;Caseley;Female;jorie.caseley@gmail.com;Luwu Timur ;Budaya 
189;Evelyn189;Evelyn;Blomfield;Male;evelyn.blomfield@gmail.com;Luwu Utara ;Taman Hiburan
190;Thedrick190;Thedrick;Liversidge;Male;thedrick.liversidge@gmail.com;Madiun  ;Cagar Alam
191;Eleanora191;Eleanora;Grimley;Female;eleanora.grimley@gmail.com;Magelang  ;Budaya 
192;Roxane192;Roxane;Gorner;Female;roxane.gorner@gmail.com;Magetan  ;Pusat Perbelanjaan
193;Purcell193;Purcell;Doogood;Male;purcell.doogood@gmail.com;Majalengka  ;Taman Hiburan
194;Jayne194;Jayne;Lease;Female;jayne.lease@gmail.com;Majene  ;Cagar Alam
195;Maurice195;Maurice;Barney;Male;maurice.barney@gmail.com;Malang  ;Pusat Perbelanjaan
196;Miles196;Miles;Rutty;Male;miles.rutty@gmail.com;Malinau  ;Budaya 
197;Arluene197;Arluene;Mattin;Female;arluene.mattin@gmail.com;Maluku Barat Daya;Tempat Ibadah
198;Kevyn198;Kevyn;Briereton;Female;kevyn.briereton@gmail.com;Maluku Tengah ;Bahari 
199;Agatha199;Agatha;MacPhaden;Female;agatha.macphaden@gmail.com;Maluku Tenggara ;Budaya 
200;Bertie200;Bertie;Kalisz;Female;bertie.kalisz@gmail.com;Maluku Tenggara Barat;Taman Hiburan
201;Astrid201;Astrid;Avent;Female;astrid.avent@gmail.com;Mamasa  ;Taman Hiburan
202;Oneida202;Oneida;Knagges;Female;oneida.knagges@gmail.com;Mamberamo Raya ;Cagar Alam
203;Fabiano203;Fabiano;Hiskey;Male;fabiano.hiskey@gmail.com;Mamuju  ;Pusat Perbelanjaan
204;Wheeler204;Wheeler;Rump;Male;wheeler.rump@gmail.com;Mamuju Utara ;Bahari 
205;Gamaliel205;Gamaliel;Deners;Male;gamaliel.deners@gmail.com;Mandailing Natal ;Tempat Ibadah
206;Matilde206;Matilde;Turrill;Female;matilde.turrill@gmail.com;Manggarai  ;Budaya 
207;Alon207;Alon;Poli;Male;alon.poli@gmail.com;Manggarai Barat ;Perbelanjaan 
208;Taite208;Taite;Yakobowitz;Male;taite.yakobowitz@gmail.com;Manggarai Timur ;Tempat Ibadah
209;Melosa209;Melosa;Pendergast;Female;melosa.pendergast@gmail.com;Manokwari  ;Taman Hiburan
210;Dorry210;Dorry;Ogden;Female;dorry.ogden@gmail.com;Mappi  ;Taman Hiburan
211;Joana211;Joana;Bugbee;Female;joana.bugbee@gmail.com;Maros  ;Cagar Alam
212;Norri212;Norri;Tuting;Female;norri.tuting@gmail.com;Maybat  ;Pusat Perbelanjaan
213;Davita213;Davita;Slowly;Female;davita.slowly@gmail.com;Melawi  ;Bahari 
214;Wallie214;Wallie;Coop;Male;wallie.coop@gmail.com;Memberamo Tengah ;Tempat Ibadah
215;Winthrop215;Winthrop;Clegg;Male;winthrop.clegg@gmail.com;Merangin  ;Budaya 
216;Nikita216;Nikita;Sparkwell;Male;nikita.sparkwell@gmail.com;Merangin  ;Perbelanjaan 
217;Bunnie217;Bunnie;Aiers;Male;bunnie.aiers@gmail.com;Merauke  ;Tempat Ibadah
218;Glen218;Glen;Tarplee;Female;glen.tarplee@gmail.com;Mesuji  ;Taman Hiburan
219;Delinda219;Delinda;Feaveryear;Female;delinda.feaveryear@gmail.com;Mimika  ;Taman Hiburan
220;Guillema220;Guillema;Jerratsch;Female;guillema.jerratsch@gmail.com;Minahasa  ;Cagar Alam
221;Trescha221;Trescha;Blabber;Female;trescha.blabber@gmail.com;Minahasa Selatan ;Pusat Perbelanjaan
222;Omar222;Omar;Klimowicz;Male;omar.klimowicz@gmail.com;Minahasa Tenggara ;Bahari 
223;Alene223;Alene;Mar;Female;alene.mar@gmail.com;Minahasa Utara ;Tempat Ibadah
224;Berton224;Berton;Goch;Male;berton.goch@gmail.com;Mojokerto  ;Budaya 
225;Nikki225;Nikki;Vigers;Female;nikki.vigers@gmail.com;Morowali  ;Perbelanjaan 
226;Arman226;Arman;Copin;Male;arman.copin@gmail.com;Muara Enim ;Tempat Ibadah
227;Townie227;Townie;Copper;Male;townie.copper@gmail.com;Muaro Jambi ;Taman Hiburan
228;Eda228;Eda;Bayle;Female;eda.bayle@gmail.com;Muaro Jambi ;Taman Hiburan
229;Leonidas229;Leonidas;Quest;Male;leonidas.quest@gmail.com;Mukomuko  ;Taman Hiburan
230;Carolan230;Carolan;Rix;Female;carolan.rix@gmail.com;Muna  ;Cagar Alam
231;Ddene231;Ddene;Bleier;Male;ddene.bleier@gmail.com;Murung Raya ;Pusat Perbelanjaan
232;Ludovico232;Ludovico;Bamber;Male;ludovico.bamber@gmail.com;Musi Banyuasin ;Bahari 
233;Ingram233;Ingram;Michel;Male;ingram.michel@gmail.com;Musi Rawas ;Tempat Ibadah
234;Bran234;Bran;Nise;Male;bran.nise@gmail.com;Nabire  ;Budaya 
235;Kleon235;Kleon;Quincee;Male;kleon.quincee@gmail.com;Nagan Raya ;Perbelanjaan 
236;Geoffry236;Geoffry;Bootherstone;Male;geoffry.bootherstone@gmail.com;Nagekeo  ;Tempat Ibadah
237;Harlie237;Harlie;Mulhall;Female;harlie.mulhall@gmail.com;Natuna  ;Taman Hiburan
238;Marilyn238;Marilyn;Ketteman;Female;marilyn.ketteman@gmail.com;Nduga  ;Taman Hiburan
239;Neill239;Neill;Southernwood;Male;neill.southernwood@gmail.com;Ngada  ;Cagar Alam
240;Dorothy240;Dorothy;Northall;Female;dorothy.northall@gmail.com;Nganjuk  ;Pusat Perbelanjaan
241;Iain241;Iain;Casseldine;Male;iain.casseldine@gmail.com;Ngawi  ;Bahari 
242;Horacio242;Horacio;O'Skehan;Male;horacio.o'skehan@gmail.com;Nias  ;Tempat Ibadah
243;Creight243;Creight;Moggie;Male;creight.moggie@gmail.com;Nias Barat ;Budaya 
244;Bo244;Bo;Sparshatt;Male;bo.sparshatt@gmail.com;Nias Selatan ;Perbelanjaan 
245;Bidget245;Bidget;Goodlett;Female;bidget.goodlett@gmail.com;Nias Utara ;Tempat Ibadah
246;Sterling246;Sterling;Toffetto;Male;sterling.toffetto@gmail.com;Nunukan  ;Taman Hiburan
247;Adams247;Adams;Lydiard;Male;adams.lydiard@gmail.com;Ogan Ilir ;Cagar Alam
248;Merv248;Merv;Waeland;Male;merv.waeland@gmail.com;Ogan Komering Ilir;Budaya 
249;Thaddus249;Thaddus;Cotgrave;Male;thaddus.cotgrave@gmail.com;Ogan Komering Ulu;Pusat Perbelanjaan
250;Reynard250;Reynard;Sibly;Male;reynard.sibly@gmail.com;Ogan Komering Ulu;Taman Hiburan
251;Joycelin251;Joycelin;Heffernon;Female;joycelin.heffernon@gmail.com;Ogan Komering Ulu;Cagar Alam
252;Jenine252;Jenine;Showl;Female;jenine.showl@gmail.com;Pacitan  ;Pusat Perbelanjaan
253;Bekki253;Bekki;Bechley;Female;bekki.bechley@gmail.com;Padang Lawas ;Budaya 
254;Rickie254;Rickie;Axston;Male;rickie.axston@gmail.com;Padang Lawas Utara;Tempat Ibadah
255;Natividad255;Natividad;Hambribe;Female;natividad.hambribe@gmail.com;Padang Pariaman ;Bahari 
256;Lorain256;Lorain;Jordon;Female;lorain.jordon@gmail.com;Pakpak Bharat ;Budaya 
257;Shell257;Shell;Lyes;Female;shell.lyes@gmail.com;Pamekasan  ;Taman Hiburan
258;Eleanor258;Eleanor;Huglin;Female;eleanor.huglin@gmail.com;Pandeglang  ;Cagar Alam
259;Ashlen259;Ashlen;Picker;Female;ashlen.picker@gmail.com;Pangkajene Dan Kepulauan;Budaya 
260;La verne260;La verne;Day;Female;la verne.day@gmail.com;Paniai  ;Pusat Perbelanjaan
261;Carrie261;Carrie;Doiley;Female;carrie.doiley@gmail.com;Parigi Moutong ;Taman Hiburan
262;Eolanda262;Eolanda;Jewise;Female;eolanda.jewise@gmail.com;Pasaman  ;Cagar Alam
263;Marcelia263;Marcelia;Bradnum;Female;marcelia.bradnum@gmail.com;Pasaman Barat ;Pusat Perbelanjaan
264;Herby264;Herby;Winckworth;Male;herby.winckworth@gmail.com;Paser  ;Budaya 
265;Drusilla265;Drusilla;Fawcus;Female;drusilla.fawcus@gmail.com;Pasuruan  ;Tempat Ibadah
266;Guss266;Guss;Peach;Male;guss.peach@gmail.com;Pati  ;Bahari 
267;Cristobal267;Cristobal;Powdrill;Male;cristobal.powdrill@gmail.com;Pegunungan Bintang ;Budaya 
268;Avram268;Avram;Leatherborrow;Male;avram.leatherborrow@gmail.com;Pekalongan  ;Taman Hiburan
269;Beck269;Beck;Schirok;Male;beck.schirok@gmail.com;Pelalawan  ;Cagar Alam
270;Danette270;Danette;Boylund;Female;danette.boylund@gmail.com;Pemalang  ;Budaya 
271;Tom271;Tom;Leebetter;Male;tom.leebetter@gmail.com;Penajam Paser Utara;Pusat Perbelanjaan
272;Jacintha272;Jacintha;Clampe;Female;jacintha.clampe@gmail.com;Pesawaran  ;Taman Hiburan
273;Goldie273;Goldie;Doudney;Female;goldie.doudney@gmail.com;Pesisir Selatan ;Cagar Alam
274;Karly274;Karly;Ross;Female;karly.ross@gmail.com;Pidie  ;Pusat Perbelanjaan
275;Terrell275;Terrell;Petersen;Male;terrell.petersen@gmail.com;Pidie Jaya ;Budaya 
276;Isabelle276;Isabelle;Lowerson;Female;isabelle.lowerson@gmail.com;Pinrang  ;Tempat Ibadah
277;Ariel277;Ariel;Dawkes;Male;ariel.dawkes@gmail.com;Pohuwato  ;Bahari 
278;Hastie278;Hastie;MacSorley;Male;hastie.macsorley@gmail.com;Polewali Mandar ;Budaya 
279;Janelle279;Janelle;Wims;Female;janelle.wims@gmail.com;Ponorogo  ;Taman Hiburan
280;Dedie280;Dedie;O'Hare;Female;dedie.o'hare@gmail.com;Pontianak  ;Taman Hiburan
281;Cullen281;Cullen;Marty;Male;cullen.marty@gmail.com;Poso  ;Cagar Alam
282;Orland282;Orland;Stuchbery;Male;orland.stuchbery@gmail.com;Pringsewu  ;Pusat Perbelanjaan
283;Perrine283;Perrine;Madill;Female;perrine.madill@gmail.com;Probolinggo  ;Bahari 
284;Graehme284;Graehme;Gartsyde;Male;graehme.gartsyde@gmail.com;Pulang Pisau ;Tempat Ibadah
285;Jobie285;Jobie;Levensky;Female;jobie.levensky@gmail.com;Pulau Morota ;Budaya 
286;Marya286;Marya;Lambal;Female;marya.lambal@gmail.com;Puncak  ;Perbelanjaan 
287;Merv287;Merv;McKeurton;Male;merv.mckeurton@gmail.com;Puncak Jaya ;Tempat Ibadah
288;Ethelind288;Ethelind;Theobalds;Female;ethelind.theobalds@gmail.com;Purbalingga  ;Taman Hiburan
289;Lay289;Lay;O'Sirin;Male;lay.o'sirin@gmail.com;Purwakarta  ;Taman Hiburan
290;Lynsey290;Lynsey;Dryburgh;Female;lynsey.dryburgh@gmail.com;Purworejo  ;Cagar Alam
291;Carolina291;Carolina;Grigor;Female;carolina.grigor@gmail.com;Raja Ampat ;Pusat Perbelanjaan
292;Barrett292;Barrett;Sappy;Male;barrett.sappy@gmail.com;Rejang Lebong ;Bahari 
293;Rodney293;Rodney;McGuckin;Male;rodney.mcguckin@gmail.com;Rembang  ;Tempat Ibadah
294;Else294;Else;Dunican;Female;else.dunican@gmail.com;Rokan Hilir ;Budaya 
295;Hube295;Hube;Gladstone;Male;hube.gladstone@gmail.com;Rokan Hulu ;Perbelanjaan 
296;Hyacintha296;Hyacintha;Stainburn;Female;hyacintha.stainburn@gmail.com;Rote Ndao ;Tempat Ibadah
297;Hilda297;Hilda;Gleaves;Female;hilda.gleaves@gmail.com;Siak  ;Taman Hiburan
298;Tome298;Tome;Udell;Male;tome.udell@gmail.com;Sabu Raijua ;Taman Hiburan
299;Charlean299;Charlean;Ryley;Female;charlean.ryley@gmail.com;Sambas  ;Cagar Alam
300;Johnna300;Johnna;Brockhurst;Female;johnna.brockhurst@gmail.com;Samosir  ;Pusat Perbelanjaan
301;Florie301;Florie;Yell;Female;florie.yell@gmail.com;Sampang  ;Bahari 
302;Dell302;Dell;Yellop;Female;dell.yellop@gmail.com;Sanggau  ;Tempat Ibadah
303;Celestia303;Celestia;Cranefield;Female;celestia.cranefield@gmail.com;Sarmi  ;Budaya 
304;Wolfgang304;Wolfgang;Forbes;Male;wolfgang.forbes@gmail.com;Sarolangun  ;Perbelanjaan 
305;Arluene305;Arluene;Delucia;Female;arluene.delucia@gmail.com;Sarolangun  ;Tempat Ibadah
306;Gibb306;Gibb;Rogister;Male;gibb.rogister@gmail.com;Sekadau  ;Taman Hiburan
307;Kriste307;Kriste;Carpe;Female;kriste.carpe@gmail.com;Selayar  ;Taman Hiburan
308;Feliks308;Feliks;Kilmurry;Male;feliks.kilmurry@gmail.com;Seluma  ;Taman Hiburan
309;Will309;Will;Kibbe;Male;will.kibbe@gmail.com;Semarang  ;Cagar Alam
310;Zollie310;Zollie;Radolf;Male;zollie.radolf@gmail.com;Seram Bagian Barat;Pusat Perbelanjaan
311;Dame311;Dame;Tinklin;Male;dame.tinklin@gmail.com;Seram Bagian Timur;Bahari 
312;Camel312;Camel;Wilby;Female;camel.wilby@gmail.com;Serang  ;Tempat Ibadah
313;Elmo313;Elmo;Ringsell;Male;elmo.ringsell@gmail.com;Serdang Bedagai ;Budaya 
314;Rupert314;Rupert;Bates;Male;rupert.bates@gmail.com;Seruyan  ;Perbelanjaan 
315;Leonanie315;Leonanie;Murty;Female;leonanie.murty@gmail.com;Siau Tagulandang Biaro;Tempat Ibadah
316;Sissie316;Sissie;Danick;Female;sissie.danick@gmail.com;Sidenreng Rappang ;Taman Hiburan
317;Annamarie317;Annamarie;McWilliams;Female;annamarie.mcwilliams@gmail.com;Sidoarjo  ;
318;Sydney318;Sydney;Bree;Male;sydney.bree@gmail.com;Sigi  ;Taman Hiburan
319;Caty319;Caty;Pinchon;Female;caty.pinchon@gmail.com;Sijunjung  ;Cagar Alam
320;Lambert320;Lambert;Hindmoor;Male;lambert.hindmoor@gmail.com;Sikka  ;Pusat Perbelanjaan
321;Harriette321;Harriette;Kleisel;Female;harriette.kleisel@gmail.com;Simalungun  ;Bahari 
322;Abie322;Abie;Philpin;Male;abie.philpin@gmail.com;Simeulue  ;Tempat Ibadah
323;Vassili323;Vassili;Gracewood;Male;vassili.gracewood@gmail.com;Sinjai  ;Budaya 
324;Delaney324;Delaney;Rycroft;Male;delaney.rycroft@gmail.com;Sintang  ;Perbelanjaan 
325;Bear325;Bear;Cannop;Male;bear.cannop@gmail.com;Situbondo  ;Tempat Ibadah
326;Reagen326;Reagen;Castletine;Male;reagen.castletine@gmail.com;Sleman  ;Taman Hiburan
327;Gwyn327;Gwyn;Petegrew;Female;gwyn.petegrew@gmail.com;Solok  ;Cagar Alam
328;Dasya328;Dasya;Oolahan;Female;dasya.oolahan@gmail.com;Solok Selatan ;Budaya 
329;Valentino329;Valentino;Gravie;Male;valentino.gravie@gmail.com;Soppeng  ;Pusat Perbelanjaan
330;Dannie330;Dannie;Parrett;Female;dannie.parrett@gmail.com;Sorong  ;Taman Hiburan
331;Hanny331;Hanny;Willarton;Female;hanny.willarton@gmail.com;Sorong Selatan ;Cagar Alam
332;Micky332;Micky;Bygrove;Male;micky.bygrove@gmail.com;Sragen  ;Pusat Perbelanjaan
333;Brynna333;Brynna;MacHoste;Female;brynna.machoste@gmail.com;Subang  ;Budaya 
334;Kelwin334;Kelwin;Hoyt;Male;kelwin.hoyt@gmail.com;Sukabumi  ;Tempat Ibadah
335;Larisa335;Larisa;Bigmore;Female;larisa.bigmore@gmail.com;Sukamara  ;Bahari 
336;Jennette336;Jennette;Jordan;Female;jennette.jordan@gmail.com;Sukoharjo  ;Budaya 
337;Phil337;Phil;Edgeler;Female;phil.edgeler@gmail.com;Sumba Barat ;Taman Hiburan
338;Cash338;Cash;Gillion;Male;cash.gillion@gmail.com;Sumba Barat Daya;Cagar Alam
339;Brady339;Brady;Glacken;Male;brady.glacken@gmail.com;Sumba Tengah ;Budaya 
340;Phillipp340;Phillipp;Dennehy;Male;phillipp.dennehy@gmail.com;Sumba Timur ;Pusat Perbelanjaan
341;Osborne341;Osborne;Winborn;Male;osborne.winborn@gmail.com;Sumbawa  ;Taman Hiburan
342;Davey342;Davey;Gorce;Male;davey.gorce@gmail.com;Sumbawa Barat ;Cagar Alam
343;Humfrey343;Humfrey;Grevel;Male;humfrey.grevel@gmail.com;Sumedang  ;Pusat Perbelanjaan
344;Ximenez344;Ximenez;Kippins;Male;ximenez.kippins@gmail.com;Sumenep  ;Budaya 
345;Anthea345;Anthea;Willatts;Female;anthea.willatts@gmail.com;Supiori  ;Tempat Ibadah
346;Dianna346;Dianna;Yushin;Female;dianna.yushin@gmail.com;Tabalong  ;Bahari 
347;Roderich347;Roderich;Devinn;Male;roderich.devinn@gmail.com;Tabanan  ;Budaya 
348;Chet348;Chet;Hallewell;Male;chet.hallewell@gmail.com;Takalar  ;Taman Hiburan
349;Ross349;Ross;McGinlay;Male;ross.mcginlay@gmail.com;Tambrauw  ;Cagar Alam
350;Hetty350;Hetty;Chiechio;Female;hetty.chiechio@gmail.com;Tana Tidung ;Budaya 
351;Lonny351;Lonny;Scothron;Male;lonny.scothron@gmail.com;Tana Toraja ;Pusat Perbelanjaan
352;Bryce352;Bryce;Marquiss;Male;bryce.marquiss@gmail.com;Tanah Bumbu ;Taman Hiburan
353;Mathilde353;Mathilde;Lalor;Male;mathilde.lalor@gmail.com;Tanah Datar ;Cagar Alam
354;Vin354;Vin;Orro;Female;vin.orro@gmail.com;Tanah Laut ;Pusat Perbelanjaan
355;Anabella355;Anabella;Willshere;Female;anabella.willshere@gmail.com;Tangerang  ;Budaya 
356;Julietta356;Julietta;Suff;Female;julietta.suff@gmail.com;Tanggamus  ;Tempat Ibadah
357;Sherwood357;Sherwood;Dmitrienko;Male;sherwood.dmitrienko@gmail.com;Tanjung Jabung Barat;Bahari 
358;Pavlov358;Pavlov;Duerdin;Male;pavlov.duerdin@gmail.com;Tanjung Jabung Barat;Budaya 
359;Honey359;Honey;Malshinger;Female;honey.malshinger@gmail.com;Tanjung Jabung Timur;Taman Hiburan
360;Saul360;Saul;Ruppeli;Male;saul.ruppeli@gmail.com;Tanjung Jabung Timur;Taman Hiburan
361;Ray361;Ray;Chedzoy;Male;ray.chedzoy@gmail.com;Tapanuli Selatan ;Cagar Alam
362;Zechariah362;Zechariah;Testin;Male;zechariah.testin@gmail.com;Tapanuli Tengah ;Pusat Perbelanjaan
363;Stefano363;Stefano;Ammer;Male;stefano.ammer@gmail.com;Tapanuli Utara ;Bahari 
364;Ximenez364;Ximenez;Lowseley;Male;ximenez.lowseley@gmail.com;Tapin  ;Tempat Ibadah
365;Wittie365;Wittie;Butner;Male;wittie.butner@gmail.com;Tasikmalaya  ;Budaya 
366;Nils366;Nils;McEnery;Male;nils.mcenery@gmail.com;Tebo  ;Perbelanjaan 
367;Sydelle367;Sydelle;Wanstall;Male;sydelle.wanstall@gmail.com;Tebo  ;Tempat Ibadah
368;Valentina368;Valentina;Carress;Female;valentina.carress@gmail.com;Tegal  ;Taman Hiburan
369;Dynah369;Dynah;Brahan;Female;dynah.brahan@gmail.com;Teluk Bintuni ;Taman Hiburan
370;Berni370;Berni;Izhak;Female;berni.izhak@gmail.com;Teluk Wondama ;Cagar Alam
371;Riki371;Riki;Buzin;Female;riki.buzin@gmail.com;Temanggung  ;Pusat Perbelanjaan
372;Allissa372;Allissa;De Bruyn;Female;allissa.de bruyn@gmail.com;Timor Tengah Selatan;Bahari 
373;Yehudi373;Yehudi;Byforth;Male;yehudi.byforth@gmail.com;Timor Tengah Utara;Tempat Ibadah
374;Luther374;Luther;Attrie;Male;luther.attrie@gmail.com;Toba Samosir ;Budaya 
375;Billy375;Billy;Ashlin;Male;billy.ashlin@gmail.com;Tojo Una-Una ;Perbelanjaan 
376;Cooper376;Cooper;Paddell;Male;cooper.paddell@gmail.com;Tolikara  ;Tempat Ibadah
377;Darb377;Darb;Adamson;Male;darb.adamson@gmail.com;Toli-Toli  ;Taman Hiburan
378;Corbin378;Corbin;Risdale;Male;corbin.risdale@gmail.com;Toraja Utara ;Taman Hiburan
379;Davis379;Davis;Millership;Male;davis.millership@gmail.com;Trenggalek  ;Cagar Alam
380;Grannie380;Grannie;Gott;Male;grannie.gott@gmail.com;Tuban  ;Pusat Perbelanjaan
381;Roxana381;Roxana;Misselbrook;Female;roxana.misselbrook@gmail.com;Tulangbawang  ;Bahari 
382;Cindelyn382;Cindelyn;Buret;Female;cindelyn.buret@gmail.com;Tulangbawang Barat ;Tempat Ibadah
383;Paolo383;Paolo;Gladhill;Male;paolo.gladhill@gmail.com;Tulungagung  ;Budaya 
384;Barton384;Barton;Clemence;Male;barton.clemence@gmail.com;Wajo  ;Perbelanjaan 
385;Olvan385;Olvan;Aubert;Male;olvan.aubert@gmail.com;Wakatobi  ;Tempat Ibadah
386;Eadie386;Eadie;Snoddy;Female;eadie.snoddy@gmail.com;Waropen  ;Taman Hiburan
387;Hale387;Hale;Brood;Male;hale.brood@gmail.com;Way Kanan ;Taman Hiburan
388;Ailyn388;Ailyn;Wixon;Female;ailyn.wixon@gmail.com;Wonogiri  ;Taman Hiburan
389;Ardith389;Ardith;Mangion;Male;ardith.mangion@gmail.com;Wonosobo  ;Cagar Alam
390;Town390;Town;Borgnol;Male;town.borgnol@gmail.com;Yahukimo  ;Pusat Perbelanjaan
391;Reuben391;Reuben;Stenton;Male;reuben.stenton@gmail.com;Yalimo  ;Bahari 
392;Emili392;Emili;Dixey;Female;emili.dixey@gmail.com;Ambon  ;Tempat Ibadah
393;Dex393;Dex;Seniour;Male;dex.seniour@gmail.com;Balikpapan  ;Budaya 
394;Ody394;Ody;Kardos;Male;ody.kardos@gmail.com;Banda Aceh ;Perbelanjaan 
395;Jody395;Jody;Yanez;Male;jody.yanez@gmail.com;Bandar Lampung ;Tempat Ibadah
396;Mathe396;Mathe;Greenhough;Male;mathe.greenhough@gmail.com;Bandung  ;Taman Hiburan
397;Franny397;Franny;Fernley;Male;franny.fernley@gmail.com;Banjar  ;Taman Hiburan
398;Letti398;Letti;Shakelady;Female;letti.shakelady@gmail.com;Banjar Baru ;Cagar Alam
399;Alonzo399;Alonzo;Balas;Male;alonzo.balas@gmail.com;Banjarmasin  ;Pusat Perbelanjaan
400;Yule400;Yule;Forty;Male;yule.forty@gmail.com;Batam  ;Bahari 
401;Adriana401;Adriana;Dran;Female;adriana.dran@gmail.com;Batu  ;Tempat Ibadah
402;Tawsha402;Tawsha;Crookall;Female;tawsha.crookall@gmail.com;Bau-Bau  ;Budaya 
403;Trevar403;Trevar;Burdell;Male;trevar.burdell@gmail.com;Bekasi  ;Perbelanjaan 
404;Walt404;Walt;Barles;Male;walt.barles@gmail.com;Bengkulu  ;Tempat Ibadah
405;Finley405;Finley;Caskie;Male;finley.caskie@gmail.com;Bima  ;Taman Hiburan
406;Rhonda406;Rhonda;Blissett;Female;rhonda.blissett@gmail.com;Binjai  ;Cagar Alam
407;Del407;Del;Ziemens;Male;del.ziemens@gmail.com;Bitung  ;Budaya 
408;Shannan408;Shannan;Dell Casa;Male;shannan.dell casa@gmail.com;Blitar  ;Pusat Perbelanjaan
409;Syd409;Syd;Keough;Male;syd.keough@gmail.com;Bogor  ;Taman Hiburan
410;Wilfred410;Wilfred;Taig;Male;wilfred.taig@gmail.com;Bontang  ;Cagar Alam
411;Dietrich411;Dietrich;Windross;Male;dietrich.windross@gmail.com;Bukittinggi  ;Pusat Perbelanjaan
412;Standford412;Standford;Gulberg;Male;standford.gulberg@gmail.com;Cilegon  ;Budaya 
413;Sarah413;Sarah;Shingfield;Female;sarah.shingfield@gmail.com;Cimahi  ;Tempat Ibadah
414;Aluin414;Aluin;Falla;Male;aluin.falla@gmail.com;Cirebon  ;Bahari 
415;Kristoforo415;Kristoforo;Le Jean;Male;kristoforo.le jean@gmail.com;Denpasar  ;Budaya 
416;Nowell416;Nowell;Catteroll;Male;nowell.catteroll@gmail.com;Depok  ;Taman Hiburan
417;Chadd417;Chadd;Scotchbourouge;Male;chadd.scotchbourouge@gmail.com;Dumai  ;Cagar Alam
418;Nickie418;Nickie;Creeboe;Male;nickie.creeboe@gmail.com;Gorontalo  ;Budaya 
419;Goldy419;Goldy;Oland;Female;goldy.oland@gmail.com;Gunungsitoli  ;Pusat Perbelanjaan
420;Torrey420;Torrey;Sobey;Male;torrey.sobey@gmail.com;Jakarta Barat ;Taman Hiburan
421;Jaimie421;Jaimie;Jordeson;Male;jaimie.jordeson@gmail.com;Jakarta Pusat ;Cagar Alam
422;Ignazio422;Ignazio;Icke;Male;ignazio.icke@gmail.com;Jakarta Selatan ;Pusat Perbelanjaan
423;Gamaliel423;Gamaliel;Boyat;Male;gamaliel.boyat@gmail.com;Jakarta Timur ;Budaya 
424;Bruce424;Bruce;Abrahim;Male;bruce.abrahim@gmail.com;Jakarta Utara ;Tempat Ibadah
425;Charles425;Charles;Eilles;Male;charles.eilles@gmail.com;Jambi  ;Bahari 
426;Minnie426;Minnie;Bools;Female;minnie.bools@gmail.com;Jambi  ;Budaya 
427;Lilia427;Lilia;Kelinge;Female;lilia.kelinge@gmail.com;Jayapura  ;Taman Hiburan
428;Maurie428;Maurie;Adamov;Male;maurie.adamov@gmail.com;Kediri  ;Cagar Alam
429;Jolynn429;Jolynn;Dancey;Female;jolynn.dancey@gmail.com;Kendari  ;Budaya 
430;Sargent430;Sargent;Cammack;Male;sargent.cammack@gmail.com;Kotamobagu  ;Pusat Perbelanjaan
431;Erskine431;Erskine;Jaouen;Male;erskine.jaouen@gmail.com;Kupang  ;Taman Hiburan
432;Fancie432;Fancie;Burrell;Female;fancie.burrell@gmail.com;Langsa  ;Cagar Alam
433;Rani433;Rani;Elms;Female;rani.elms@gmail.com;Lhokseumawe  ;Pusat Perbelanjaan
434;Laurence434;Laurence;Florence;Male;laurence.florence@gmail.com;Lubuklinggau  ;Budaya 
435;Justinian435;Justinian;Duerdin;Male;justinian.duerdin@gmail.com;Madiun  ;Tempat Ibadah
436;Brig436;Brig;Chinnery;Male;brig.chinnery@gmail.com;Magelang  ;Bahari 
437;Merrill437;Merrill;Jurries;Male;merrill.jurries@gmail.com;Makassar  ;Budaya 
438;Lura438;Lura;Silkston;Female;lura.silkston@gmail.com;Malang  ;Taman Hiburan
439;Coraline439;Coraline;Habron;Female;coraline.habron@gmail.com;Manado  ;Taman Hiburan
440;Chlo440;Chlo;Brosch;Female;chlo.brosch@gmail.com;Mataram  ;Cagar Alam
441;Joe441;Joe;Petters;Male;joe.petters@gmail.com;Medan  ;Pusat Perbelanjaan
442;Hector442;Hector;Passe;Male;hector.passe@gmail.com;Metro  ;Bahari 
443;Lolita443;Lolita;Philott;Female;lolita.philott@gmail.com;Mojokerto  ;Tempat Ibadah
444;Lulita444;Lulita;Knowles;Female;lulita.knowles@gmail.com;Padang  ;Budaya 
445;Hilliard445;Hilliard;Veque;Male;hilliard.veque@gmail.com;Padang Panjang ;Perbelanjaan 
446;Carleton446;Carleton;Stilly;Male;carleton.stilly@gmail.com;Padangsidimpuan  ;Tempat Ibadah
447;Dynah447;Dynah;Blackeby;Female;dynah.blackeby@gmail.com;Pagar Alam ;Taman Hiburan
448;Felice448;Felice;Thirkettle;Male;felice.thirkettle@gmail.com;Palangka Raya ;Taman Hiburan
449;Enrique449;Enrique;Charte;Male;enrique.charte@gmail.com;Palembang  ;Cagar Alam
450;Brigida450;Brigida;Edeson;Female;brigida.edeson@gmail.com;Palopo  ;Pusat Perbelanjaan
451;Lorena451;Lorena;Denney;Female;lorena.denney@gmail.com;Palu  ;Bahari 
452;Silva452;Silva;Deary;Female;silva.deary@gmail.com;Pangkal Pinang ;Tempat Ibadah
453;Sandy453;Sandy;Clara;Female;sandy.clara@gmail.com;Pare-Pare  ;Budaya 
454;Arlena454;Arlena;Edlyn;Female;arlena.edlyn@gmail.com;Pariaman  ;Perbelanjaan 
455;Gerianne455;Gerianne;Rought;Female;gerianne.rought@gmail.com;Pasuruan  ;Tempat Ibadah
456;Renie456;Renie;Kilmartin;Female;renie.kilmartin@gmail.com;Payakumbuh  ;Taman Hiburan
457;Hillary457;Hillary;Kloster;Male;hillary.kloster@gmail.com;Pekalongan  ;Taman Hiburan
458;Emmaline458;Emmaline;Sneller;Female;emmaline.sneller@gmail.com;Pekanbaru  ;Cagar Alam
459;Lil459;Lil;Maddicks;Female;lil.maddicks@gmail.com;Pematang Siantar ;Pusat Perbelanjaan
460;Avril460;Avril;Levett;Female;avril.levett@gmail.com;Pontianak  ;Bahari 
461;Carlie461;Carlie;Dipple;Male;carlie.dipple@gmail.com;Prabumulih  ;Tempat Ibadah
462;Myrtia462;Myrtia;Pedersen;Female;myrtia.pedersen@gmail.com;Probolinggo  ;Budaya 
463;Cheston463;Cheston;MacCostye;Male;cheston.maccostye@gmail.com;Sabang  ;Perbelanjaan 
464;Sim464;Sim;Paridge;Male;sim.paridge@gmail.com;Salatiga  ;Tempat Ibadah
465;Lutero465;Lutero;Gally;Male;lutero.gally@gmail.com;Samarinda  ;Taman Hiburan
466;Kyle466;Kyle;Mosdill;Male;kyle.mosdill@gmail.com;Sawah Lunto ;Taman Hiburan
467;Worth467;Worth;Dutson;Male;worth.dutson@gmail.com;Semarang  ;Taman Hiburan
468;Farica468;Farica;Michell;Female;farica.michell@gmail.com;Serang  ;Cagar Alam
469;Manuel469;Manuel;Merriment;Male;manuel.merriment@gmail.com;Sibolga  ;Pusat Perbelanjaan
470;Sorcha470;Sorcha;Bote;Female;sorcha.bote@gmail.com;Singkawang  ;Bahari 
471;Krystle471;Krystle;Geillier;Female;krystle.geillier@gmail.com;Solok  ;Tempat Ibadah
472;Merola472;Merola;McKniely;Female;merola.mckniely@gmail.com;Sorong  ;Budaya 
473;Farly473;Farly;MacMeekan;Female;farly.macmeekan@gmail.com;Subulussalam  ;Perbelanjaan 
474;Wanids474;Wanids;Bertenshaw;Female;wanids.bertenshaw@gmail.com;Sukabumi  ;Tempat Ibadah
475;Lindsey475;Lindsey;Fakes;Female;lindsey.fakes@gmail.com;Sungai Penuh ;Taman Hiburan
476;Bianka476;Bianka;Mazzey;Female;bianka.mazzey@gmail.com;Sungai Penuh ;Taman Hiburan
477;Carlynne477;Carlynne;Petricek;Female;carlynne.petricek@gmail.com;Surabaya  ;Cagar Alam
478;Lorrayne478;Lorrayne;Hawkeswood;Female;lorrayne.hawkeswood@gmail.com;Surakarta  ;Pusat Perbelanjaan
479;Francis479;Francis;Gopsell;Male;francis.gopsell@gmail.com;Tangerang  ;Bahari 
480;Libbie480;Libbie;McMurtyr;Female;libbie.mcmurtyr@gmail.com;Tangerang Selatan ;Tempat Ibadah
481;Camile481;Camile;Gillman;Female;camile.gillman@gmail.com;Tangerang Selatan ;Budaya 
482;Clotilda482;Clotilda;Cotgrave;Female;clotilda.cotgrave@gmail.com;Tanjung Balai ;Perbelanjaan 
483;Earle483;Earle;Saich;Male;earle.saich@gmail.com;Tanjung Pinang ;Tempat Ibadah
484;Early484;Early;Skydall;Male;early.skydall@gmail.com;Tarakan  ;Taman Hiburan
485;Katalin485;Katalin;Everil;Female;katalin.everil@gmail.com;Tasikmalaya  ;Cagar Alam
486;Aubrey486;Aubrey;Goodby;Female;aubrey.goodby@gmail.com;Tebing Tinggi ;Budaya 
487;Noland487;Noland;Fullwood;Male;noland.fullwood@gmail.com;Tegal  ;Pusat Perbelanjaan
488;Deborah488;Deborah;Myhill;Female;deborah.myhill@gmail.com;Ternate  ;Taman Hiburan
489;Sheff489;Sheff;Brockie;Male;sheff.brockie@gmail.com;Tidore Kepulauan ;Cagar Alam
490;Salomone490;Salomone;Fendlen;Male;salomone.fendlen@gmail.com;Tomohon  ;Pusat Perbelanjaan
491;Christen491;Christen;Fanshawe;Female;christen.fanshawe@gmail.com;Yogyakarta  ;Budaya 
492;Chip492;Chip;Petrolli;Male;chip.petrolli@gmail.com;Tual  ;Tempat Ibadah
493;Enos493;Enos;Clegg;Male;enos.clegg@gmail.com; Anambas ;Bahari 
494;Stavro494;Stavro;Oldmeadow;Male;stavro.oldmeadow@gmail.com;Jakarta;Budaya 
495;Kissee495;Kissee;Pitts;Female;kissee.pitts@gmail.com;Jakarta;Taman Hiburan
496;Derk496;Derk;Jiri;Male;derk.jiri@gmail.com;Jakarta;Cagar Alam
497;Fields497;Fields;Nafziger;Male;fields.nafziger@gmail.com;Jakarta;Budaya 
498;Saw498;Saw;Ibbotson;Male;saw.ibbotson@gmail.com;Jakarta;Pusat Perbelanjaan
499;Filippa499;Filippa;Milesop;Female;filippa.milesop@gmail.com;Jakarta;Taman Hiburan
500;Baryram500;Baryram;Teasey;Male;baryram.teasey@gmail.com;Jakarta;Cagar Alam
501;Misty501;Misty;Cisec;Female;misty.cisec@gmail.com;Jakarta;Pusat Perbelanjaan
502;Batsheva502;Batsheva;Fitchew;Female;batsheva.fitchew@gmail.com;Jakarta;Budaya 
503;Marline503;Marline;Ricarde;Female;marline.ricarde@gmail.com;Aceh;Tempat Ibadah
504;Beulah504;Beulah;Brosch;Female;beulah.brosch@gmail.com;Jakarta;Bahari 
505;Alex505;Alex;Whife;Male;alex.whife@gmail.com;Jakarta;Budaya 
506;Drew506;Drew;Cowlard;Male;drew.cowlard@gmail.com;Jakarta;Taman Hiburan
507;Lyndy507;Lyndy;Aireton;Female;lyndy.aireton@gmail.com;Jakarta;Cagar Alam
508;Cliff508;Cliff;Horribine;Male;cliff.horribine@gmail.com;Asmat  ;Budaya 
509;Aldus509;Aldus;Jerratsch;Male;aldus.jerratsch@gmail.com;Badung  ;Pusat Perbelanjaan
510;Deerdre510;Deerdre;Sapson;Female;deerdre.sapson@gmail.com;Balangan  ;Taman Hiburan
511;Brok511;Brok;Minors;Male;brok.minors@gmail.com;Bandung  ;Cagar Alam
512;Danie512;Danie;Paramor;Male;danie.paramor@gmail.com;Bandung Barat ;Pusat Perbelanjaan
513;Rex513;Rex;Pincked;Male;rex.pincked@gmail.com;Banggai  ;Budaya 
514;Layton514;Layton;Battista;Male;layton.battista@gmail.com;Banggai Kepulauan ;Tempat Ibadah
515;Kyrstin515;Kyrstin;Fonquernie;Female;kyrstin.fonquernie@gmail.com;Bangka  ;Bahari 
516;Nalani516;Nalani;Minot;Female;nalani.minot@gmail.com;Bangka Barat ;Budaya 
517;Erik517;Erik;Odd;Male;erik.odd@gmail.com;Bangka Selatan ;Taman Hiburan
518;Laurella518;Laurella;Milhench;Female;laurella.milhench@gmail.com;Bangka Tengah ;Taman Hiburan
519;Eachelle519;Eachelle;Arrighetti;Female;eachelle.arrighetti@gmail.com;Bangkalan  ;Cagar Alam
520;Yetty520;Yetty;Grunson;Female;yetty.grunson@gmail.com;Bangli  ;Pusat Perbelanjaan
521;Tito521;Tito;Sollis;Male;tito.sollis@gmail.com;Banjar  ;Bahari 
522;Jocelin522;Jocelin;MacConnechie;Female;jocelin.macconnechie@gmail.com;Banjarnegara  ;Tempat Ibadah
523;Emmeline523;Emmeline;Van der Velden;Female;emmeline.van der velden@gmail.com;Bantaeng  ;Budaya 
524;Renault524;Renault;Wrightson;Male;renault.wrightson@gmail.com;Bantul  ;Perbelanjaan 
525;Fran525;Fran;Arton;Female;fran.arton@gmail.com;Banyu Asin ;Tempat Ibadah
526;Benoite526;Benoite;Schottli;Female;benoite.schottli@gmail.com;Banyumas  ;Taman Hiburan
527;Auberta527;Auberta;Ravens;Female;auberta.ravens@gmail.com;Bandung;Taman Hiburan
528;Noelyn528;Noelyn;Denzey;Male;noelyn.denzey@gmail.com;Bandung;Cagar Alam
529;Beryl529;Beryl;Snashall;Female;beryl.snashall@gmail.com;Bandung;Pusat Perbelanjaan
530;Jada530;Jada;Kroll;Female;jada.kroll@gmail.com;Bandung;Bahari 
531;Storm531;Storm;Gummory;Male;storm.gummory@gmail.com;Bandung;Tempat Ibadah
532;Almire532;Almire;Fitton;Female;almire.fitton@gmail.com;Bandung;Budaya 
533;Sarette533;Sarette;Quibell;Female;sarette.quibell@gmail.com;Bandung;Perbelanjaan 
534;Muffin534;Muffin;Weakley;Male;muffin.weakley@gmail.com;Bandung;Tempat Ibadah
535;Deeanne535;Deeanne;Gillman;Female;deeanne.gillman@gmail.com;Bandung;Taman Hiburan
536;Elwyn536;Elwyn;Cuer;Male;elwyn.cuer@gmail.com;Bandung;Taman Hiburan
537;Etienne537;Etienne;Mepham;Male;etienne.mepham@gmail.com;Bandung;Cagar Alam
538;Shari538;Shari;Rayer;Male;shari.rayer@gmail.com;Bandung;Pusat Perbelanjaan
539;Armstrong539;Armstrong;Holdron;Male;armstrong.holdron@gmail.com;Belitung Timur ;Bahari 
540;Teddie540;Teddie;MacCole;Female;teddie.maccole@gmail.com;Belu  ;Tempat Ibadah
541;Dorice541;Dorice;Connold;Female;dorice.connold@gmail.com;Surabaya;Budaya 
542;Davy542;Davy;McGourty;Male;davy.mcgourty@gmail.com;Surabaya;Perbelanjaan 
543;Lenard543;Lenard;Alleburton;Male;lenard.alleburton@gmail.com;Surabaya;Tempat Ibadah
544;Bret544;Bret;Keenan;Male;bret.keenan@gmail.com;Surabaya;Taman Hiburan
545;Dallis545;Dallis;Priel;Male;dallis.priel@gmail.com;Surabaya;Taman Hiburan
546;Jess546;Jess;Chartres;Male;jess.chartres@gmail.com;Bengkulu Utara ;Taman Hiburan
547;Nicolis547;Nicolis;Lanfranchi;Male;nicolis.lanfranchi@gmail.com;Berau  ;Cagar Alam
548;Kaleena548;Kaleena;Mulvagh;Female;kaleena.mulvagh@gmail.com;Biak Numfor ;Pusat Perbelanjaan
549;Kliment549;Kliment;Spacie;Male;kliment.spacie@gmail.com;Bima  ;Bahari 
550;Araldo550;Araldo;Haston;Male;araldo.haston@gmail.com;Bintan  ;Tempat Ibadah
551;Lorene551;Lorene;Duffield;Female;lorene.duffield@gmail.com;Bireuen  ;Budaya 
552;Celestia552;Celestia;Graalmans;Female;celestia.graalmans@gmail.com;Blitar  ;Perbelanjaan 
553;Monica553;Monica;Spenton;Female;monica.spenton@gmail.com;Blora  ;Tempat Ibadah
554;Siana554;Siana;Frayne;Female;siana.frayne@gmail.com;Boalemo  ;Taman Hiburan
555;Cynthia555;Cynthia;Thunnercliff;Female;cynthia.thunnercliff@gmail.com;Bogor  ;Taman Hiburan
556;Tansy556;Tansy;Blacket;Female;tansy.blacket@gmail.com;Bojonegoro  ;Cagar Alam
557;Raffaello557;Raffaello;Dome;Male;raffaello.dome@gmail.com;Bolaang Mongondow ;Pusat Perbelanjaan
558;Koren558;Koren;Libero;Female;koren.libero@gmail.com;Bolaang Mongondow Utara;Bahari 
559;Chanda559;Chanda;Weafer;Female;chanda.weafer@gmail.com;Bolang Mongondow Selatan;Tempat Ibadah
560;Pooh560;Pooh;Roydon;Female;pooh.roydon@gmail.com;Bolang Mongondow Timur;Budaya 
561;Dalli561;Dalli;Rigolle;Male;dalli.rigolle@gmail.com;Bombana  ;Perbelanjaan 
562;Randi562;Randi;Checkley;Female;randi.checkley@gmail.com;Bondowoso  ;Tempat Ibadah
563;Burtie563;Burtie;Fairnington;Male;burtie.fairnington@gmail.com;Bone  ;Taman Hiburan
564;Skell564;Skell;Cousens;Male;skell.cousens@gmail.com;Bone Bolango ;Cagar Alam
565;Raoul565;Raoul;Dimmer;Male;raoul.dimmer@gmail.com;Boven Digoel ;Budaya 
566;Cass566;Cass;Filler;Male;cass.filler@gmail.com;Boyolali  ;Pusat Perbelanjaan
567;Gweneth567;Gweneth;McKeand;Female;gweneth.mckeand@gmail.com;Brebes  ;Taman Hiburan
568;Vera568;Vera;Cartmill;Female;vera.cartmill@gmail.com;Buleleng  ;Cagar Alam
569;Isiahi569;Isiahi;Doyle;Male;isiahi.doyle@gmail.com;Bulukumba  ;Pusat Perbelanjaan
570;Field570;Field;Fairholme;Male;field.fairholme@gmail.com;Bulungan  ;Budaya 
571;Natka571;Natka;Ingry;Female;natka.ingry@gmail.com;Bungo  ;Tempat Ibadah
572;Kassandra572;Kassandra;Howat;Female;kassandra.howat@gmail.com;Bungo  ;Bahari 
573;Karry573;Karry;Canas;Female;karry.canas@gmail.com;Buol  ;Budaya 
574;Kissie574;Kissie;Stansby;Female;kissie.stansby@gmail.com;Buru  ;Taman Hiburan
575;Magdalena575;Magdalena;MacDonough;Female;magdalena.macdonough@gmail.com;Buru Selatan ;Cagar Alam
576;Marlene576;Marlene;Ruit;Female;marlene.ruit@gmail.com;Buton  ;Budaya 
577;Darb577;Darb;Plowright;Female;darb.plowright@gmail.com;Buton Utara ;Pusat Perbelanjaan
578;Hartley578;Hartley;Curphey;Male;hartley.curphey@gmail.com;Ciamis  ;Taman Hiburan
579;Myron579;Myron;Job;Male;myron.job@gmail.com;Cianjur  ;Cagar Alam
580;Georgetta580;Georgetta;Oran;Female;georgetta.oran@gmail.com;Cilacap  ;Pusat Perbelanjaan
581;Osbert581;Osbert;Leal;Male;osbert.leal@gmail.com;Cirebon  ;Budaya 
582;Jacky582;Jacky;McCafferky;Male;jacky.mccafferky@gmail.com;Dairi  ;Tempat Ibadah
583;Brittani583;Brittani;Hulke;Female;brittani.hulke@gmail.com;Deiyai  ;Bahari 
584;Georgetta584;Georgetta;Cringle;Female;georgetta.cringle@gmail.com;Deli Serdang ;Budaya 
585;Ripley585;Ripley;Fudger;Male;ripley.fudger@gmail.com;Demak  ;Taman Hiburan
586;Ingrid586;Ingrid;Peat;Female;ingrid.peat@gmail.com;Dharmas Raya ;Cagar Alam
587;Linus587;Linus;Learie;Male;linus.learie@gmail.com;Dogiyai  ;Budaya 
588;Brod588;Brod;Butland;Male;brod.butland@gmail.com;Dompu  ;Pusat Perbelanjaan
589;Horatio589;Horatio;O' Quirk;Male;horatio.o' quirk@gmail.com;Donggala  ;Taman Hiburan
590;Saxe590;Saxe;Hengoed;Male;saxe.hengoed@gmail.com;Empat Lawang ;Cagar Alam
591;Daren591;Daren;Vivien;Male;daren.vivien@gmail.com;Ende  ;Pusat Perbelanjaan
592;Lauren592;Lauren;Sargood;Male;lauren.sargood@gmail.com;Enrekang  ;Budaya 
593;Brooks593;Brooks;Stanaway;Female;brooks.stanaway@gmail.com;Fakfak  ;Tempat Ibadah
594;Andrei594;Andrei;Tivenan;Female;andrei.tivenan@gmail.com;Flores Timur ;Bahari 
595;Mary595;Mary;Woolston;Female;mary.woolston@gmail.com;Garut  ;Budaya 
596;Kimberley596;Kimberley;Capell;Female;kimberley.capell@gmail.com;Gayo Lues ;Taman Hiburan
597;Odilia597;Odilia;Ruslinge;Female;odilia.ruslinge@gmail.com;Gianyar  ;Taman Hiburan
598;See598;See;Inge;Male;see.inge@gmail.com;Gorontalo  ;Cagar Alam
599;Titus599;Titus;Larver;Male;titus.larver@gmail.com;Gorontalo Utara ;Pusat Perbelanjaan
600;Ettie600;Ettie;Makepeace;Female;ettie.makepeace@gmail.com;Gowa  ;Bahari 
601;Sibilla601;Sibilla;Moodycliffe;Female;sibilla.moodycliffe@gmail.com;Gresik  ;Tempat Ibadah
602;Hephzibah602;Hephzibah;Rainy;Female;hephzibah.rainy@gmail.com;Grobogan  ;Budaya 
603;Mendy603;Mendy;Lippitt;Male;mendy.lippitt@gmail.com;Gunung Kidul ;Perbelanjaan 
604;Kerwin604;Kerwin;Eginton;Male;kerwin.eginton@gmail.com;Gunung Mas ;Tempat Ibadah
605;Barbara605;Barbara;Farrey;Female;barbara.farrey@gmail.com;Indragiri Hulu ;Taman Hiburan
606;Frasco606;Frasco;MacPaden;Male;frasco.macpaden@gmail.com;Indramayu  ;Taman Hiburan
607;Lissy607;Lissy;Plewman;Female;lissy.plewman@gmail.com;Intan Jaya ;Cagar Alam
608;Christoph608;Christoph;Picker;Male;christoph.picker@gmail.com;Jayapura  ;Pusat Perbelanjaan
609;Franciska609;Franciska;Polak;Female;franciska.polak@gmail.com;Jayawijaya  ;Bahari 
610;Erica610;Erica;Chiene;Female;erica.chiene@gmail.com;Jember  ;Tempat Ibadah
611;Clarence611;Clarence;Betun;Male;clarence.betun@gmail.com;Jembrana  ;Budaya 
612;Hughie612;Hughie;Morrow;Male;hughie.morrow@gmail.com;Jeneponto  ;Perbelanjaan 
613;Idaline613;Idaline;Vondrach;Female;idaline.vondrach@gmail.com;Jepara  ;Tempat Ibadah
614;Melosa614;Melosa;Gibbe;Female;melosa.gibbe@gmail.com;Jombang  ;Taman Hiburan
615;Nappy615;Nappy;Kellen;Male;nappy.kellen@gmail.com;Kaimana  ;Taman Hiburan
616;Avram616;Avram;Cayser;Male;avram.cayser@gmail.com;Kampar  ;Cagar Alam
617;Cordie617;Cordie;Snaith;Female;cordie.snaith@gmail.com;Kapuas  ;Pusat Perbelanjaan
618;Mandie618;Mandie;Muldownie;Female;mandie.muldownie@gmail.com;Kapuas Hulu ;Bahari 
619;Eugenius619;Eugenius;Moultrie;Male;eugenius.moultrie@gmail.com;Karang Asem ;Tempat Ibadah
620;Birdie620;Birdie;Hale;Female;birdie.hale@gmail.com;Karanganyar  ;Budaya 
621;Dallas621;Dallas;Sreenan;Female;dallas.sreenan@gmail.com;Karawang  ;Perbelanjaan 
622;Skipton622;Skipton;Chaters;Male;skipton.chaters@gmail.com;Karimun  ;Tempat Ibadah
623;Wayland623;Wayland;Ommanney;Male;wayland.ommanney@gmail.com;Karo  ;Taman Hiburan
624;Harcourt624;Harcourt;Nisard;Male;harcourt.nisard@gmail.com;Katingan  ;Taman Hiburan
625;Lorenzo625;Lorenzo;Renshaw;Male;lorenzo.renshaw@gmail.com;Kaur  ;Taman Hiburan
626;Vivi626;Vivi;Haddacks;Female;vivi.haddacks@gmail.com;Kayong Utara ;Cagar Alam
627;Ottilie627;Ottilie;Moryson;Female;ottilie.moryson@gmail.com;Kebumen  ;Pusat Perbelanjaan
628;Delphinia628;Delphinia;Normanville;Female;delphinia.normanville@gmail.com;Kediri  ;Bahari 
629;Ethel629;Ethel;Bortolotti;Female;ethel.bortolotti@gmail.com;Keerom  ;Tempat Ibadah
630;Yankee630;Yankee;Sargent;Male;yankee.sargent@gmail.com;Kendal  ;Budaya 
631;Hetti631;Hetti;MacColm;Female;hetti.maccolm@gmail.com;Kepahiang  ;Perbelanjaan 
632;Wilek632;Wilek;Conkey;Male;wilek.conkey@gmail.com;Kerinci  ;Tempat Ibadah
633;Roxie633;Roxie;Getcliff;Female;roxie.getcliff@gmail.com;Kerinci  ;Taman Hiburan
634;Ralph634;Ralph;Haycroft;Male;ralph.haycroft@gmail.com;Ketapang  ;Taman Hiburan
635;Jackie635;Jackie;Carradice;Female;jackie.carradice@gmail.com;Klaten  ;Cagar Alam
636;Massimo636;Massimo;Guerrin;Male;massimo.guerrin@gmail.com;Klungkung  ;Pusat Perbelanjaan
637;Wallis637;Wallis;Alishoner;Female;wallis.alishoner@gmail.com;Kolaka  ;Bahari 
638;Charleen638;Charleen;Whitehead;Female;charleen.whitehead@gmail.com;Kolaka Utara ;Tempat Ibadah
639;Addi639;Addi;Grigolashvill;Female;addi.grigolashvill@gmail.com;Konawe  ;Budaya 
640;Cassaundra640;Cassaundra;Clift;Female;cassaundra.clift@gmail.com;Konawe Selatan ;Perbelanjaan 
641;Kristen641;Kristen;Pecey;Female;kristen.pecey@gmail.com;Konawe Utara ;Tempat Ibadah
642;Amitie642;Amitie;Jeffers;Female;amitie.jeffers@gmail.com;Kota Baru ;Taman Hiburan
643;Hestia643;Hestia;Calltone;Female;hestia.calltone@gmail.com;Kotawaringin Barat ;Cagar Alam
644;Agace644;Agace;Valdes;Female;agace.valdes@gmail.com;Kotawaringin Timur ;Budaya 
645;Dante645;Dante;Crix;Male;dante.crix@gmail.com;Kuantan Singingi ;Pusat Perbelanjaan
646;Tobias646;Tobias;Kenward;Male;tobias.kenward@gmail.com;Kubu Raya ;Taman Hiburan
647;Sandor647;Sandor;Manger;Male;sandor.manger@gmail.com;Kudus  ;Cagar Alam
648;Artair648;Artair;Flux;Male;artair.flux@gmail.com;Kulon Progo ;Pusat Perbelanjaan
649;Elena649;Elena;Hebron;Female;elena.hebron@gmail.com;Kuningan  ;Budaya 
650;Alexio650;Alexio;Tenney;Male;alexio.tenney@gmail.com;Kupang  ;Tempat Ibadah
651;Aigneis651;Aigneis;Mickleborough;Female;aigneis.mickleborough@gmail.com;Kutai Barat ;Bahari 
652;Natalee652;Natalee;Burrell;Female;natalee.burrell@gmail.com;Kutai Kartanegara ;Budaya 
653;Brana653;Brana;Piccop;Female;brana.piccop@gmail.com;Kutai Timur ;Taman Hiburan
654;Bogey654;Bogey;Ewell;Male;bogey.ewell@gmail.com;Labuhanbatu  ;Cagar Alam
655;Jolene655;Jolene;Ladewig;Female;jolene.ladewig@gmail.com;Labuhanbatu Selatan ;Budaya 
656;Denna656;Denna;Blythe;Female;denna.blythe@gmail.com;Labuhanbatu Utara ;Pusat Perbelanjaan
657;Leroy657;Leroy;Do Rosario;Male;leroy.do rosario@gmail.com;Lahat  ;Taman Hiburan
658;Kara-lynn658;Kara-lynn;Cristofolo;Female;kara-lynn.cristofolo@gmail.com;Lamandau  ;Cagar Alam
659;Fin659;Fin;Suddell;Male;fin.suddell@gmail.com;Lamongan  ;Pusat Perbelanjaan
660;Arman660;Arman;De Zuani;Male;arman.de zuani@gmail.com;Lampung Barat ;Budaya 
661;Willetta661;Willetta;Kirkness;Female;willetta.kirkness@gmail.com;Lampung Selatan ;Tempat Ibadah
662;Kathie662;Kathie;Fettis;Female;kathie.fettis@gmail.com;Lampung Tengah ;Bahari 
663;Omar663;Omar;Ormston;Male;omar.ormston@gmail.com;Lampung Timur ;Budaya 
664;Corrie664;Corrie;Nevett;Male;corrie.nevett@gmail.com;Lampung Utara ;Taman Hiburan
665;Vance665;Vance;Piperley;Male;vance.piperley@gmail.com;Landak  ;Cagar Alam
666;Georges666;Georges;Goldhill;Male;georges.goldhill@gmail.com;Langkat  ;Budaya 
667;Ula667;Ula;Cawse;Female;ula.cawse@gmail.com;Lanny Jaya ;Pusat Perbelanjaan
668;Valentijn668;Valentijn;Nissle;Male;valentijn.nissle@gmail.com;Lebak  ;Taman Hiburan
669;Zachariah669;Zachariah;Gianolo;Male;zachariah.gianolo@gmail.com;Lebong  ;Cagar Alam
670;Bevon670;Bevon;Simcox;Male;bevon.simcox@gmail.com;Lembata  ;Pusat Perbelanjaan
671;Dodie671;Dodie;Skittrall;Female;dodie.skittrall@gmail.com;Lima Puluh Kota;Budaya 
672;Dicky672;Dicky;Simpkiss;Male;dicky.simpkiss@gmail.com;Lingga  ;Tempat Ibadah
673;Maurita673;Maurita;Obin;Female;maurita.obin@gmail.com;Lingga  ;Bahari 
674;Jodee674;Jodee;Ker;Female;jodee.ker@gmail.com;Lombok Barat ;Budaya 
675;Burk675;Burk;Benaine;Male;burk.benaine@gmail.com;Lombok Tengah ;Taman Hiburan
676;Diarmid676;Diarmid;Ladon;Male;diarmid.ladon@gmail.com;Lombok Timur ;Taman Hiburan
677;Jo-ann677;Jo-ann;Wrenn;Female;jo-ann.wrenn@gmail.com;Lombok Utara ;Cagar Alam
678;Donnie678;Donnie;Lunt;Male;donnie.lunt@gmail.com;Lumajang  ;Pusat Perbelanjaan
679;Moses679;Moses;Hopfner;Male;moses.hopfner@gmail.com;Luwu  ;Bahari 
680;Shayla680;Shayla;Ohrtmann;Female;shayla.ohrtmann@gmail.com;Luwu Timur ;Tempat Ibadah
681;Brigham681;Brigham;Tunsley;Male;brigham.tunsley@gmail.com;Luwu Utara ;Budaya 
682;Laurence682;Laurence;Sewill;Male;laurence.sewill@gmail.com;Madiun  ;Perbelanjaan 
683;Rafe683;Rafe;Renshell;Male;rafe.renshell@gmail.com;Magelang  ;Tempat Ibadah
684;Clyde684;Clyde;Schaben;Male;clyde.schaben@gmail.com;Magetan  ;Taman Hiburan
685;Alethea685;Alethea;Sollom;Female;alethea.sollom@gmail.com;Majalengka  ;Taman Hiburan
686;Maegan686;Maegan;Loughnan;Female;maegan.loughnan@gmail.com;Majene  ;Cagar Alam
687;Jobie687;Jobie;Lemary;Female;jobie.lemary@gmail.com;Malang  ;Pusat Perbelanjaan
688;Emmalee688;Emmalee;Fettiplace;Female;emmalee.fettiplace@gmail.com;Malinau  ;Bahari 
689;Blakelee689;Blakelee;Watsham;Female;blakelee.watsham@gmail.com;Maluku Barat Daya;Tempat Ibadah
690;Nichols690;Nichols;Delf;Male;nichols.delf@gmail.com;Maluku Tengah ;Budaya 
691;Ilse691;Ilse;Exall;Female;ilse.exall@gmail.com;Maluku Tenggara ;Perbelanjaan 
692;Giffy692;Giffy;Espinos;Male;giffy.espinos@gmail.com;Maluku Tenggara Barat;Tempat Ibadah
693;Franciskus693;Franciskus;Cluatt;Male;franciskus.cluatt@gmail.com;Mamasa  ;Taman Hiburan
694;Cathee694;Cathee;Whitmarsh;Female;cathee.whitmarsh@gmail.com;Mamberamo Raya ;Taman Hiburan
695;Haskel695;Haskel;Cosgrive;Male;haskel.cosgrive@gmail.com;Mamuju  ;Cagar Alam
696;Valentine696;Valentine;O' Neligan;Male;valentine.o' neligan@gmail.com;Mamuju Utara ;Pusat Perbelanjaan
697;Cahra697;Cahra;Baynes;Female;cahra.baynes@gmail.com;Mandailing Natal ;Bahari 
698;Dill698;Dill;Eadon;Male;dill.eadon@gmail.com;Manggarai  ;Tempat Ibadah
699;Tommy699;Tommy;Blenkiron;Female;tommy.blenkiron@gmail.com;Manggarai Barat ;Budaya 
700;Carol700;Carol;Tomczykowski;Female;carol.tomczykowski@gmail.com;Manggarai Timur ;Perbelanjaan 
701;Daisy701;Daisy;Notley;Female;daisy.notley@gmail.com;Manokwari  ;Tempat Ibadah
702;Laurianne702;Laurianne;Tomasino;Female;laurianne.tomasino@gmail.com;Mappi  ;Taman Hiburan
703;Monika703;Monika;Gorries;Female;monika.gorries@gmail.com;Maros  ;Taman Hiburan
704;Reynolds704;Reynolds;Brimley;Male;reynolds.brimley@gmail.com;Maybat  ;Taman Hiburan
705;Shanta705;Shanta;Mutlow;Female;shanta.mutlow@gmail.com;Melawi  ;Cagar Alam
706;Nicolais706;Nicolais;Cafferty;Male;nicolais.cafferty@gmail.com;Memberamo Tengah ;Pusat Perbelanjaan
707;Dorice707;Dorice;O' Molan;Female;dorice.o' molan@gmail.com;Merangin  ;Bahari 
708;Lew708;Lew;Widmore;Male;lew.widmore@gmail.com;Merangin  ;Tempat Ibadah
709;Ahmed709;Ahmed;Stempe;Male;ahmed.stempe@gmail.com;Merauke  ;Budaya 
710;Aguistin710;Aguistin;Turnbull;Female;aguistin.turnbull@gmail.com;Mesuji  ;Perbelanjaan 
711;Bartolemo711;Bartolemo;Ansteys;Male;bartolemo.ansteys@gmail.com;Mimika  ;Tempat Ibadah
712;Lou712;Lou;Samudio;Male;lou.samudio@gmail.com;Minahasa  ;Taman Hiburan
713;Iain713;Iain;Collcott;Male;iain.collcott@gmail.com;Minahasa Selatan ;Taman Hiburan
714;Sunny714;Sunny;Grunbaum;Female;sunny.grunbaum@gmail.com;Minahasa Tenggara ;Cagar Alam
715;Matti715;Matti;Rose;Female;matti.rose@gmail.com;Minahasa Utara ;Pusat Perbelanjaan
716;Dredi716;Dredi;Yegorkin;Female;dredi.yegorkin@gmail.com;Mojokerto  ;Bahari 
717;Ashli717;Ashli;Tolson;Female;ashli.tolson@gmail.com;Morowali  ;Tempat Ibadah
718;Sonny718;Sonny;Shurmore;Male;sonny.shurmore@gmail.com;Muara Enim ;Budaya 
719;Jamill719;Jamill;Oakes;Male;jamill.oakes@gmail.com;Muaro Jambi ;Perbelanjaan 
720;Raleigh720;Raleigh;Child;Male;raleigh.child@gmail.com;Muaro Jambi ;Tempat Ibadah
721;Tome721;Tome;Mariner;Male;tome.mariner@gmail.com;Mukomuko  ;Taman Hiburan
722;Dulcie722;Dulcie;Basnett;Female;dulcie.basnett@gmail.com;Muna  ;Cagar Alam
723;Byrle723;Byrle;Morford;Male;byrle.morford@gmail.com;Murung Raya ;Budaya 
724;Fawn724;Fawn;Crass;Female;fawn.crass@gmail.com;Musi Banyuasin ;Pusat Perbelanjaan
725;Isaiah725;Isaiah;Ruoff;Male;isaiah.ruoff@gmail.com;Musi Rawas ;Taman Hiburan
726;Ingar726;Ingar;Hegdonne;Male;ingar.hegdonne@gmail.com;Nabire  ;Cagar Alam
727;Antonie727;Antonie;Waycott;Female;antonie.waycott@gmail.com;Nagan Raya ;Pusat Perbelanjaan
728;Ethelbert728;Ethelbert;Leband;Male;ethelbert.leband@gmail.com;Nagekeo  ;Budaya 
729;Mersey729;Mersey;Malinson;Female;mersey.malinson@gmail.com;Natuna  ;Tempat Ibadah
730;Regen730;Regen;Gue;Male;regen.gue@gmail.com;Nduga  ;Bahari 
731;Kayley731;Kayley;Shooter;Female;kayley.shooter@gmail.com;Ngada  ;Budaya 
732;Moria732;Moria;Arends;Female;moria.arends@gmail.com;Nganjuk  ;Taman Hiburan
733;Chance733;Chance;O'Fihily;Male;chance.o'fihily@gmail.com;Ngawi  ;Cagar Alam
734;Arturo734;Arturo;Arkin;Male;arturo.arkin@gmail.com;Nias  ;Budaya 
735;Dayna735;Dayna;Wrate;Female;dayna.wrate@gmail.com;Nias Barat ;Pusat Perbelanjaan
736;Arthur736;Arthur;Arnott;Male;arthur.arnott@gmail.com;Nias Selatan ;Taman Hiburan
737;Germayne737;Germayne;Marshal;Male;germayne.marshal@gmail.com;Nias Utara ;Cagar Alam
738;Sergei738;Sergei;Pountain;Male;sergei.pountain@gmail.com;Nunukan  ;Pusat Perbelanjaan
739;Edik739;Edik;Papaminas;Male;edik.papaminas@gmail.com;Ogan Ilir ;Budaya 
740;Jobye740;Jobye;Meates;Female;jobye.meates@gmail.com;Ogan Komering Ilir;Tempat Ibadah
741;Jarrad741;Jarrad;Twizell;Male;jarrad.twizell@gmail.com;Ogan Komering Ulu;Bahari 
742;Weidar742;Weidar;Feathersby;Male;weidar.feathersby@gmail.com;Ogan Komering Ulu;Budaya 
743;Kristofor743;Kristofor;Maykin;Male;kristofor.maykin@gmail.com;Ogan Komering Ulu;Taman Hiburan
744;Carey744;Carey;Knightsbridge;Male;carey.knightsbridge@gmail.com;Pacitan  ;Cagar Alam
745;Salem745;Salem;Ebbing;Male;salem.ebbing@gmail.com;Padang Lawas ;Budaya 
746;Ninetta746;Ninetta;Suero;Female;ninetta.suero@gmail.com;Padang Lawas Utara;Pusat Perbelanjaan
747;Aluin747;Aluin;Bridel;Male;aluin.bridel@gmail.com;Padang Pariaman ;Taman Hiburan
748;Maud748;Maud;Wysome;Female;maud.wysome@gmail.com;Pakpak Bharat ;Cagar Alam
749;Giorgia749;Giorgia;Gile;Female;giorgia.gile@gmail.com;Pamekasan  ;Pusat Perbelanjaan
750;Prue750;Prue;Treppas;Female;prue.treppas@gmail.com;Pandeglang  ;Budaya 
751;Carola751;Carola;Smoote;Female;carola.smoote@gmail.com;Pangkajene Dan Kepulauan;Tempat Ibadah
752;Irma752;Irma;Haggard;Female;irma.haggard@gmail.com;Paniai  ;Bahari 
753;Rodd753;Rodd;Gallgher;Male;rodd.gallgher@gmail.com;Parigi Moutong ;Budaya 
754;Saunderson754;Saunderson;Dyhouse;Male;saunderson.dyhouse@gmail.com;Pasaman  ;Taman Hiburan
755;Oren755;Oren;Nassey;Male;oren.nassey@gmail.com;Pasaman Barat ;Taman Hiburan
756;Ginger756;Ginger;Ellaman;Male;ginger.ellaman@gmail.com;Paser  ;Cagar Alam
757;Gardner757;Gardner;Aiskrigg;Male;gardner.aiskrigg@gmail.com;Pasuruan  ;Pusat Perbelanjaan
758;Feliza758;Feliza;Raymont;Female;feliza.raymont@gmail.com;Pati  ;Bahari 
759;Hayyim759;Hayyim;Orrock;Male;hayyim.orrock@gmail.com;Pegunungan Bintang ;Tempat Ibadah
760;Nancey760;Nancey;Chartman;Female;nancey.chartman@gmail.com;Pekalongan  ;Budaya 
761;Massimiliano761;Massimiliano;John;Male;massimiliano.john@gmail.com;Pelalawan  ;Perbelanjaan 
762;Loren762;Loren;Joinsey;Male;loren.joinsey@gmail.com;Pemalang  ;Tempat Ibadah
763;Cyrillus763;Cyrillus;Ofield;Male;cyrillus.ofield@gmail.com;Penajam Paser Utara;Taman Hiburan
764;Donalt764;Donalt;Seery;Male;donalt.seery@gmail.com;Pesawaran  ;Taman Hiburan
765;Franni765;Franni;Alphege;Female;franni.alphege@gmail.com;Pesisir Selatan ;Cagar Alam
766;Lorens766;Lorens;Guiden;Male;lorens.guiden@gmail.com;Pidie  ;Pusat Perbelanjaan
767;Vinnie767;Vinnie;Bonnesen;Female;vinnie.bonnesen@gmail.com;Pidie Jaya ;Bahari 
768;Gunar768;Gunar;Rabbitt;Male;gunar.rabbitt@gmail.com;Pinrang  ;Tempat Ibadah
769;Welsh769;Welsh;Heazel;Male;welsh.heazel@gmail.com;Pohuwato  ;Budaya 
770;Bibbye770;Bibbye;Balston;Female;bibbye.balston@gmail.com;Polewali Mandar ;Perbelanjaan 
771;Jeddy771;Jeddy;Favelle;Male;jeddy.favelle@gmail.com;Ponorogo  ;Tempat Ibadah
772;Gilberto772;Gilberto;Bather;Male;gilberto.bather@gmail.com;Pontianak  ;Taman Hiburan
773;Mohammed773;Mohammed;Sells;Male;mohammed.sells@gmail.com;Poso  ;Taman Hiburan
774;Titos774;Titos;Scandrite;Male;titos.scandrite@gmail.com;Pringsewu  ;Cagar Alam
775;Rodrigo775;Rodrigo;Flowerden;Male;rodrigo.flowerden@gmail.com;Probolinggo  ;Pusat Perbelanjaan
776;Nesta776;Nesta;Trebbett;Female;nesta.trebbett@gmail.com;Pulang Pisau ;Bahari 
777;Jill777;Jill;Meys;Female;jill.meys@gmail.com;Pulau Morota ;Tempat Ibadah
778;Paul778;Paul;Bosse;Male;paul.bosse@gmail.com;Puncak  ;Budaya 
779;Zuzana779;Zuzana;Philo;Female;zuzana.philo@gmail.com;Puncak Jaya ;Perbelanjaan 
780;Becka780;Becka;MacDearmont;Female;becka.macdearmont@gmail.com;Purbalingga  ;Tempat Ibadah
781;Rudiger781;Rudiger;Swanborrow;Male;rudiger.swanborrow@gmail.com;Purwakarta  ;Taman Hiburan
782;Winthrop782;Winthrop;Tooker;Male;winthrop.tooker@gmail.com;Purworejo  ;Taman Hiburan
783;Alfred783;Alfred;Reader;Male;alfred.reader@gmail.com;Raja Ampat ;Taman Hiburan
784;Rufe784;Rufe;Winley;Male;rufe.winley@gmail.com;Rejang Lebong ;Cagar Alam
785;Odelinda785;Odelinda;Juan;Female;odelinda.juan@gmail.com;Rembang  ;Pusat Perbelanjaan
786;Dean786;Dean;Pashen;Male;dean.pashen@gmail.com;Rokan Hilir ;Bahari 
787;Lavinie787;Lavinie;Treves;Female;lavinie.treves@gmail.com;Rokan Hulu ;Tempat Ibadah
788;Jamil788;Jamil;Lubeck;Male;jamil.lubeck@gmail.com;Rote Ndao ;Budaya 
789;Rosanna789;Rosanna;Zanazzi;Female;rosanna.zanazzi@gmail.com;Siak  ;Perbelanjaan 
790;Celestyna790;Celestyna;Luto;Female;celestyna.luto@gmail.com;Sabu Raijua ;Tempat Ibadah
791;Queenie791;Queenie;Domenici;Female;queenie.domenici@gmail.com;Sambas  ;Taman Hiburan
792;Evelyn792;Evelyn;Laity;Female;evelyn.laity@gmail.com;Samosir  ;Taman Hiburan
793;Yancey793;Yancey;Colenutt;Male;yancey.colenutt@gmail.com;Sampang  ;Cagar Alam
794;Norton794;Norton;McWhorter;Male;norton.mcwhorter@gmail.com;Sanggau  ;Pusat Perbelanjaan
795;Sid795;Sid;McPaik;Male;sid.mcpaik@gmail.com;Sarmi  ;Bahari 
796;Natal796;Natal;Larkcum;Male;natal.larkcum@gmail.com;Sarolangun  ;Tempat Ibadah
797;Ahmed797;Ahmed;Aitkenhead;Male;ahmed.aitkenhead@gmail.com;Sarolangun  ;Budaya 
798;Sharona798;Sharona;Gianelli;Female;sharona.gianelli@gmail.com;Sekadau  ;Perbelanjaan 
799;Dierdre799;Dierdre;Battersby;Female;dierdre.battersby@gmail.com;Selayar  ;Tempat Ibadah
800;Kilian800;Kilian;Waugh;Male;kilian.waugh@gmail.com;Seluma  ;Taman Hiburan
801;Hesther801;Hesther;Mack;Female;hesther.mack@gmail.com;Semarang  ;Cagar Alam
802;Wilt802;Wilt;Spurman;Male;wilt.spurman@gmail.com;Seram Bagian Barat;Budaya 
803;Dorotea803;Dorotea;Drache;Female;dorotea.drache@gmail.com;Seram Bagian Timur;Pusat Perbelanjaan
804;Hoyt804;Hoyt;Colbrun;Male;hoyt.colbrun@gmail.com;Serang  ;Taman Hiburan
805;Karola805;Karola;Jakovijevic;Female;karola.jakovijevic@gmail.com;Serdang Bedagai ;Cagar Alam
806;Cory806;Cory;Tuley;Male;cory.tuley@gmail.com;Seruyan  ;Pusat Perbelanjaan
807;Goldie807;Goldie;Skewis;Female;goldie.skewis@gmail.com;Siau Tagulandang Biaro;Budaya 
808;Domenico808;Domenico;Keirle;Male;domenico.keirle@gmail.com;Sidenreng Rappang ;Tempat Ibadah
809;Vina809;Vina;Verralls;Female;vina.verralls@gmail.com;Sidoarjo  ;Bahari 
810;Devin810;Devin;Phipp;Male;devin.phipp@gmail.com;Sigi  ;Budaya 
811;Juliana811;Juliana;Kalaher;Female;juliana.kalaher@gmail.com;Sijunjung  ;Taman Hiburan
812;Gorden812;Gorden;Bengough;Male;gorden.bengough@gmail.com;Sikka  ;Cagar Alam
813;Lucho813;Lucho;Edards;Male;lucho.edards@gmail.com;Simalungun  ;Budaya 
814;Rosalinda814;Rosalinda;Cleft;Female;rosalinda.cleft@gmail.com;Simeulue  ;Pusat Perbelanjaan
815;Teodora815;Teodora;Melland;Female;teodora.melland@gmail.com;Sinjai  ;Taman Hiburan
816;Hedvige816;Hedvige;Purves;Female;hedvige.purves@gmail.com;Sintang  ;Cagar Alam
817;Eddy817;Eddy;McMeyler;Male;eddy.mcmeyler@gmail.com;Situbondo  ;Pusat Perbelanjaan
818;Rosie818;Rosie;Kelsey;Female;rosie.kelsey@gmail.com;Sleman  ;Budaya 
819;Edmon819;Edmon;Bickerstasse;Male;edmon.bickerstasse@gmail.com;Solok  ;Tempat Ibadah
820;Theodora820;Theodora;Shevlan;Female;theodora.shevlan@gmail.com;Solok Selatan ;Bahari 
821;Mae821;Mae;Van de Vlies;Female;mae.van de vlies@gmail.com;Soppeng  ;Budaya 
822;Wallie822;Wallie;Postgate;Male;wallie.postgate@gmail.com;Sorong  ;Taman Hiburan
823;Dunn823;Dunn;Capun;Male;dunn.capun@gmail.com;Sorong Selatan ;Cagar Alam
824;Gustaf824;Gustaf;Borkin;Male;gustaf.borkin@gmail.com;Sragen  ;Budaya 
825;Phineas825;Phineas;Nafziger;Male;phineas.nafziger@gmail.com;Subang  ;Pusat Perbelanjaan
826;Dody826;Dody;Arnatt;Female;dody.arnatt@gmail.com;Sukabumi  ;Taman Hiburan
827;Piper827;Piper;Tattersall;Female;piper.tattersall@gmail.com;Sukamara  ;Cagar Alam
828;York828;York;Proske;Male;york.proske@gmail.com;Sukoharjo  ;Pusat Perbelanjaan
829;Adria829;Adria;Sommerled;Female;adria.sommerled@gmail.com;Sumba Barat ;Budaya 
830;Prent830;Prent;Withey;Male;prent.withey@gmail.com;Sumba Barat Daya;Tempat Ibadah
831;Myrna831;Myrna;Leechman;Female;myrna.leechman@gmail.com;Sumba Tengah ;Bahari 
832;Bent832;Bent;Wayper;Male;bent.wayper@gmail.com;Sumba Timur ;Budaya 
833;Deeann833;Deeann;Mainstone;Female;deeann.mainstone@gmail.com;Sumbawa  ;Taman Hiburan
834;Beryl834;Beryl;Masters;Female;beryl.masters@gmail.com;Sumbawa Barat ;Taman Hiburan
835;Alphonse835;Alphonse;Clist;Male;alphonse.clist@gmail.com;Sumedang  ;Cagar Alam
836;Rickie836;Rickie;Petkens;Female;rickie.petkens@gmail.com;Sumenep  ;Pusat Perbelanjaan
837;Herb837;Herb;Doni;Male;herb.doni@gmail.com;Supiori  ;Bahari 
838;Ruby838;Ruby;Steventon;Male;ruby.steventon@gmail.com;Tabalong  ;Tempat Ibadah
839;Kyle839;Kyle;Giacoppo;Female;kyle.giacoppo@gmail.com;Tabanan  ;Budaya 
840;Stefa840;Stefa;Drayn;Female;stefa.drayn@gmail.com;Takalar  ;Perbelanjaan 
841;Cchaddie841;Cchaddie;Juanico;Female;cchaddie.juanico@gmail.com;Tambrauw  ;Tempat Ibadah
842;Jerrilee842;Jerrilee;Duval;Female;jerrilee.duval@gmail.com;Tana Tidung ;Taman Hiburan
843;Tomlin843;Tomlin;Canwell;Male;tomlin.canwell@gmail.com;Tana Toraja ;Taman Hiburan
844;Sven844;Sven;Oliphand;Male;sven.oliphand@gmail.com;Tanah Bumbu ;Cagar Alam
845;Bekki845;Bekki;Mulloch;Female;bekki.mulloch@gmail.com;Tanah Datar ;Pusat Perbelanjaan
846;Emlen846;Emlen;Bourges;Male;emlen.bourges@gmail.com;Tanah Laut ;Bahari 
847;Ruttger847;Ruttger;Vasyatkin;Male;ruttger.vasyatkin@gmail.com;Tangerang  ;Tempat Ibadah
848;Janeen848;Janeen;Base;Male;janeen.base@gmail.com;Tanggamus  ;Budaya 
849;Brit849;Brit;Casely;Male;brit.casely@gmail.com;Tanjung Jabung Barat;Perbelanjaan 
850;Merralee850;Merralee;Sarl;Female;merralee.sarl@gmail.com;Tanjung Jabung Barat;Tempat Ibadah
851;Feodor851;Feodor;Byron;Male;feodor.byron@gmail.com;Tanjung Jabung Timur;Taman Hiburan
852;Fletch852;Fletch;Garcia;Male;fletch.garcia@gmail.com;Tanjung Jabung Timur;Taman Hiburan
853;Cullen853;Cullen;Snyder;Male;cullen.snyder@gmail.com;Tapanuli Selatan ;Cagar Alam
854;Salomon854;Salomon;Ribeiro;Male;salomon.ribeiro@gmail.com;Tapanuli Tengah ;Pusat Perbelanjaan
855;Marchelle855;Marchelle;Whichelow;Female;marchelle.whichelow@gmail.com;Tapanuli Utara ;Bahari 
856;Curt856;Curt;Botting;Male;curt.botting@gmail.com;Tapin  ;Tempat Ibadah
857;Ole857;Ole;Humphrys;Male;ole.humphrys@gmail.com;Tasikmalaya  ;Budaya 
858;Juliette858;Juliette;Smoughton;Female;juliette.smoughton@gmail.com;Tebo  ;Perbelanjaan 
859;Ashli859;Ashli;Roxbee;Male;ashli.roxbee@gmail.com;Tebo  ;Tempat Ibadah
860;Sergent860;Sergent;Grigorian;Male;sergent.grigorian@gmail.com;Tegal  ;Taman Hiburan
861;Sonny861;Sonny;Langston;Male;sonny.langston@gmail.com;Teluk Bintuni ;Taman Hiburan
862;Laney862;Laney;Blazej;Male;laney.blazej@gmail.com;Teluk Wondama ;Taman Hiburan
863;Ilysa863;Ilysa;Landor;Female;ilysa.landor@gmail.com;Temanggung  ;Cagar Alam
864;Frank864;Frank;Risdall;Male;frank.risdall@gmail.com;Timor Tengah Selatan;Pusat Perbelanjaan
865;Georgie865;Georgie;Gooly;Female;georgie.gooly@gmail.com;Timor Tengah Utara;Bahari 
866;Ogdan866;Ogdan;Penna;Male;ogdan.penna@gmail.com;Toba Samosir ;Tempat Ibadah
867;Amos867;Amos;Beetlestone;Male;amos.beetlestone@gmail.com;Tojo Una-Una ;Budaya 
868;Jenn868;Jenn;Djuricic;Female;jenn.djuricic@gmail.com;Tolikara  ;Perbelanjaan 
869;Dusty869;Dusty;Smullin;Female;dusty.smullin@gmail.com;Toli-Toli  ;Tempat Ibadah
870;Karalee870;Karalee;Pawlaczyk;Female;karalee.pawlaczyk@gmail.com;Toraja Utara ;Taman Hiburan
871;Rhiamon871;Rhiamon;Vigne;Female;rhiamon.vigne@gmail.com;Trenggalek  ;Taman Hiburan
872;Janeen872;Janeen;Weyland;Female;janeen.weyland@gmail.com;Tuban  ;Cagar Alam
873;Traver873;Traver;Dilleston;Male;traver.dilleston@gmail.com;Tulangbawang  ;Pusat Perbelanjaan
874;Bert874;Bert;Dryburgh;Female;bert.dryburgh@gmail.com;Tulangbawang Barat ;Bahari 
875;Armand875;Armand;Cowap;Male;armand.cowap@gmail.com;Tulungagung  ;Tempat Ibadah
876;Clyde876;Clyde;Wall;Male;clyde.wall@gmail.com;Wajo  ;Budaya 
877;Guendolen877;Guendolen;Voas;Male;guendolen.voas@gmail.com;Wakatobi  ;Perbelanjaan 
878;Jocelyn878;Jocelyn;Tilt;Female;jocelyn.tilt@gmail.com;Waropen  ;Tempat Ibadah
879;Christy879;Christy;Kubik;Female;christy.kubik@gmail.com;Way Kanan ;Taman Hiburan
880;Elianora880;Elianora;Grieg;Female;elianora.grieg@gmail.com;Wonogiri  ;Cagar Alam
881;Buffy881;Buffy;Buttriss;Female;buffy.buttriss@gmail.com;Wonosobo  ;Budaya 
882;Nadine882;Nadine;Joppich;Female;nadine.joppich@gmail.com;Yahukimo  ;Pusat Perbelanjaan
883;Kirsti883;Kirsti;Hinkens;Female;kirsti.hinkens@gmail.com;Yalimo  ;Taman Hiburan
884;Nina884;Nina;Josselson;Female;nina.josselson@gmail.com;Ambon  ;Cagar Alam
885;Darrick885;Darrick;Gheorghie;Male;darrick.gheorghie@gmail.com;Balikpapan  ;Pusat Perbelanjaan
886;Umeko886;Umeko;Tidbury;Female;umeko.tidbury@gmail.com;Banda Aceh ;Budaya 
887;Drucill887;Drucill;Ubsdale;Female;drucill.ubsdale@gmail.com;Bandar Lampung ;Tempat Ibadah
888;Gilbert888;Gilbert;Yearns;Male;gilbert.yearns@gmail.com;Bandung  ;Bahari 
889;Kerr889;Kerr;Stonhouse;Male;kerr.stonhouse@gmail.com;Banjar  ;Budaya 
890;Sky890;Sky;Rockall;Male;sky.rockall@gmail.com;Banjar Baru ;Taman Hiburan
891;Ardis891;Ardis;Furlow;Female;ardis.furlow@gmail.com;Banjarmasin  ;Cagar Alam
892;Shelley892;Shelley;Hassan;Female;shelley.hassan@gmail.com;Batam  ;Budaya 
893;Layton893;Layton;Attkins;Male;layton.attkins@gmail.com;Batu  ;Pusat Perbelanjaan
894;Daisey894;Daisey;Gatfield;Female;daisey.gatfield@gmail.com;Bau-Bau  ;Taman Hiburan
895;Asia895;Asia;Duckering;Female;asia.duckering@gmail.com;Bekasi  ;Cagar Alam
896;Vladimir896;Vladimir;Fitzroy;Male;vladimir.fitzroy@gmail.com;Bengkulu  ;Pusat Perbelanjaan
897;Gene897;Gene;Yosselevitch;Male;gene.yosselevitch@gmail.com;Bima  ;Budaya 
898;Marney898;Marney;Beel;Female;marney.beel@gmail.com;Binjai  ;Tempat Ibadah
899;Wildon899;Wildon;Muro;Male;wildon.muro@gmail.com;Bitung  ;Bahari 
900;Carmel900;Carmel;Saul;Female;carmel.saul@gmail.com;Blitar  ;Budaya 
901;Ethelred901;Ethelred;Boken;Male;ethelred.boken@gmail.com;Bogor  ;Taman Hiburan
902;Sergei902;Sergei;Tourville;Male;sergei.tourville@gmail.com;Bontang  ;Cagar Alam
903;Johny903;Johny;Harrod;Male;johny.harrod@gmail.com;Bukittinggi  ;Budaya 
904;Guendolen904;Guendolen;Emmerson;Female;guendolen.emmerson@gmail.com;Cilegon  ;Pusat Perbelanjaan
905;Stefania905;Stefania;Doag;Female;stefania.doag@gmail.com;Cimahi  ;Taman Hiburan
906;Mart906;Mart;Allam;Male;mart.allam@gmail.com;Cirebon  ;Cagar Alam
907;Jaynell907;Jaynell;Haire;Female;jaynell.haire@gmail.com;Denpasar  ;Pusat Perbelanjaan
908;Robin908;Robin;Bremmer;Male;robin.bremmer@gmail.com;Depok  ;Budaya 
909;Joletta909;Joletta;McKevany;Female;joletta.mckevany@gmail.com;Dumai  ;Tempat Ibadah
910;Elbertine910;Elbertine;Miko;Female;elbertine.miko@gmail.com;Gorontalo  ;Bahari 
911;Glynda911;Glynda;Templeman;Female;glynda.templeman@gmail.com;Gunungsitoli  ;Budaya 
912;Caryl912;Caryl;Duffill;Female;caryl.duffill@gmail.com;Jakarta Barat ;Taman Hiburan
913;Marika913;Marika;Moffatt;Female;marika.moffatt@gmail.com;Jakarta Pusat ;Taman Hiburan
914;Neddie914;Neddie;Disbrey;Female;neddie.disbrey@gmail.com;Jakarta Selatan ;Cagar Alam
915;Ekaterina915;Ekaterina;Droogan;Female;ekaterina.droogan@gmail.com;Jakarta Timur ;Pusat Perbelanjaan
916;Cathyleen916;Cathyleen;Cheyne;Female;cathyleen.cheyne@gmail.com;Jakarta Utara ;Bahari 
917;Phip917;Phip;Ziem;Male;phip.ziem@gmail.com;Jambi  ;Tempat Ibadah
918;Shannen918;Shannen;MacEveley;Female;shannen.maceveley@gmail.com;Jambi  ;Budaya 
919;Neda919;Neda;Ruffle;Female;neda.ruffle@gmail.com;Jayapura  ;Perbelanjaan 
920;Gerick920;Gerick;Brunning;Male;gerick.brunning@gmail.com;Kediri  ;Tempat Ibadah
921;Birgitta921;Birgitta;O'Shesnan;Female;birgitta.o'shesnan@gmail.com;Kendari  ;Taman Hiburan
922;Johanna922;Johanna;Klimmek;Female;johanna.klimmek@gmail.com;Kotamobagu  ;Taman Hiburan
923;Hewett923;Hewett;Cuthill;Male;hewett.cuthill@gmail.com;Kupang  ;Cagar Alam
924;Berte924;Berte;Archbold;Female;berte.archbold@gmail.com;Langsa  ;Pusat Perbelanjaan
925;Clyde925;Clyde;Marchand;Male;clyde.marchand@gmail.com;Lhokseumawe  ;Bahari 
926;Dallas926;Dallas;Mantrip;Male;dallas.mantrip@gmail.com;Lubuklinggau  ;Tempat Ibadah
927;Gardner927;Gardner;Roome;Male;gardner.roome@gmail.com;Madiun  ;Budaya 
928;Cyrillus928;Cyrillus;MacTrustey;Male;cyrillus.mactrustey@gmail.com;Magelang  ;Perbelanjaan 
929;Chrisse929;Chrisse;Paolinelli;Male;chrisse.paolinelli@gmail.com;Makassar  ;Tempat Ibadah
930;Rowen930;Rowen;Maciocia;Male;rowen.maciocia@gmail.com;Malang  ;Taman Hiburan
931;Mellisa931;Mellisa;Parysiak;Female;mellisa.parysiak@gmail.com;Manado  ;Taman Hiburan
932;Camala932;Camala;Rohlfing;Female;camala.rohlfing@gmail.com;Mataram  ;Cagar Alam
933;Queenie933;Queenie;Gabriely;Female;queenie.gabriely@gmail.com;Medan  ;Pusat Perbelanjaan
934;Kori934;Kori;Smurthwaite;Female;kori.smurthwaite@gmail.com;Metro  ;Bahari 
935;Tynan935;Tynan;Wandtke;Male;tynan.wandtke@gmail.com;Mojokerto  ;Tempat Ibadah
936;Oriana936;Oriana;Scamwell;Female;oriana.scamwell@gmail.com;Padang  ;Budaya 
937;Shay937;Shay;Volkers;Male;shay.volkers@gmail.com;Padang Panjang ;Perbelanjaan 
938;Winifield938;Winifield;Borris;Male;winifield.borris@gmail.com;Padangsidimpuan  ;Tempat Ibadah
939;Waverley939;Waverley;Kenvin;Male;waverley.kenvin@gmail.com;Pagar Alam ;Taman Hiburan
940;Sapphira940;Sapphira;Ponder;Female;sapphira.ponder@gmail.com;Palangka Raya ;Taman Hiburan
941;Merola941;Merola;Windsor;Female;merola.windsor@gmail.com;Palembang  ;Taman Hiburan
942;Kerrin942;Kerrin;Plinck;Female;kerrin.plinck@gmail.com;Palopo  ;Cagar Alam
943;Alisun943;Alisun;Leighton;Female;alisun.leighton@gmail.com;Palu  ;Pusat Perbelanjaan
944;Karly944;Karly;Goodyear;Female;karly.goodyear@gmail.com;Pangkal Pinang ;Bahari 
945;Noland945;Noland;Hars;Male;noland.hars@gmail.com;Pare-Pare  ;Tempat Ibadah
946;Maddie946;Maddie;Spencley;Male;maddie.spencley@gmail.com;Pariaman  ;Budaya 
947;Cathe947;Cathe;Eva;Female;cathe.eva@gmail.com;Pasuruan  ;Perbelanjaan 
948;Braden948;Braden;Driscoll;Male;braden.driscoll@gmail.com;Payakumbuh  ;Tempat Ibadah
949;Emmalynn949;Emmalynn;Chrestien;Female;emmalynn.chrestien@gmail.com;Pekalongan  ;Taman Hiburan
950;Quintilla950;Quintilla;Saint;Female;quintilla.saint@gmail.com;Pekanbaru  ;Taman Hiburan
951;Ebeneser951;Ebeneser;Muggleston;Male;ebeneser.muggleston@gmail.com;Pematang Siantar ;Cagar Alam
952;Garfield952;Garfield;Glasebrook;Male;garfield.glasebrook@gmail.com;Pontianak  ;Pusat Perbelanjaan
953;Karol953;Karol;Trengove;Female;karol.trengove@gmail.com;Prabumulih  ;Bahari 
954;Susannah954;Susannah;Ewert;Female;susannah.ewert@gmail.com;Probolinggo  ;Tempat Ibadah
955;Fergus955;Fergus;Berkely;Male;fergus.berkely@gmail.com;Sabang  ;Budaya 
956;Mohammed956;Mohammed;Gayle;Male;mohammed.gayle@gmail.com;Salatiga  ;Perbelanjaan 
957;Dimitry957;Dimitry;Gallon;Male;dimitry.gallon@gmail.com;Samarinda  ;Tempat Ibadah
958;Nita958;Nita;Ivashov;Female;nita.ivashov@gmail.com;Sawah Lunto ;Taman Hiburan
959;Lynnet959;Lynnet;Slym;Female;lynnet.slym@gmail.com;Semarang  ;Cagar Alam
960;Georg960;Georg;Tixier;Male;georg.tixier@gmail.com;Serang  ;Budaya 
961;Domeniga961;Domeniga;Swarbrigg;Female;domeniga.swarbrigg@gmail.com;Sibolga  ;Pusat Perbelanjaan
962;Elbert962;Elbert;Doust;Male;elbert.doust@gmail.com;Singkawang  ;Taman Hiburan
963;Sidonnie963;Sidonnie;Gallegos;Female;sidonnie.gallegos@gmail.com;Solok  ;Cagar Alam
964;Cayla964;Cayla;Baverstock;Female;cayla.baverstock@gmail.com;Sorong  ;Pusat Perbelanjaan
965;Brion965;Brion;Yannoni;Male;brion.yannoni@gmail.com;Subulussalam  ;Budaya 
966;Creighton966;Creighton;Cordy;Male;creighton.cordy@gmail.com;Sukabumi  ;Tempat Ibadah
967;Rickie967;Rickie;Pape;Female;rickie.pape@gmail.com;Sungai Penuh ;Bahari 
968;Moshe968;Moshe;Rodda;Male;moshe.rodda@gmail.com;Sungai Penuh ;Budaya 
969;Almira969;Almira;Farrand;Female;almira.farrand@gmail.com;Surabaya  ;Taman Hiburan
970;Zilvia970;Zilvia;Vynehall;Female;zilvia.vynehall@gmail.com;Surakarta  ;Cagar Alam
971;Hakeem971;Hakeem;Tregear;Male;hakeem.tregear@gmail.com;Tangerang  ;Budaya 
972;Cherice972;Cherice;Whellams;Female;cherice.whellams@gmail.com;Tangerang Selatan ;Pusat Perbelanjaan
973;Lurleen973;Lurleen;Trusler;Female;lurleen.trusler@gmail.com;Tangerang Selatan ;Taman Hiburan
974;Alikee974;Alikee;Donnison;Female;alikee.donnison@gmail.com;Tanjung Balai ;Cagar Alam
975;Selle975;Selle;Troni;Female;selle.troni@gmail.com;Tanjung Pinang ;Pusat Perbelanjaan
976;Keely976;Keely;Farrington;Female;keely.farrington@gmail.com;Tarakan  ;Budaya 
977;Clementine977;Clementine;Brunetti;Male;clementine.brunetti@gmail.com;Tasikmalaya  ;Tempat Ibadah
978;Ruprecht978;Ruprecht;Outright;Male;ruprecht.outright@gmail.com;Tebing Tinggi ;Bahari 
979;Walther979;Walther;Filppetti;Male;walther.filppetti@gmail.com;Tegal  ;Budaya 
980;Dallon980;Dallon;Burtonshaw;Male;dallon.burtonshaw@gmail.com;Ternate  ;Taman Hiburan
981;Nicola981;Nicola;Walster;Male;nicola.walster@gmail.com;Tidore Kepulauan ;Cagar Alam
982;Weidar982;Weidar;Duplan;Male;weidar.duplan@gmail.com;Tomohon  ;Budaya 
983;Stefania983;Stefania;Clemens;Female;stefania.clemens@gmail.com;Yogyakarta  ;Pusat Perbelanjaan
984;Aridatha984;Aridatha;Cromleholme;Female;aridatha.cromleholme@gmail.com;Tual  ;Taman Hiburan
985;Eric985;Eric;Summerill;Male;eric.summerill@gmail.com;Surabaya;Cagar Alam
986;Abbey986;Abbey;Drew-Clifton;Male;abbey.drew-clifton@gmail.com;Jombang  ;Pusat Perbelanjaan
987;Gilles987;Gilles;Mandrier;Female;gilles.mandrier@gmail.com;Ponorogo  ;Budaya 
988;Jessamyn988;Jessamyn;Solon;Female;jessamyn.solon@gmail.com;Bandung;Tempat Ibadah
989;Justino989;Justino;Ridgway;Male;justino.ridgway@gmail.com;Yogyakarta  ;Bahari 
990;Percival990;Percival;Lodder;Male;percival.lodder@gmail.com;Yogyakarta  ;Budaya 
991;Gibby991;Gibby;Lochead;Male;gibby.lochead@gmail.com;Semarang  ;Taman Hiburan
992;Lil992;Lil;Espinho;Female;lil.espinho@gmail.com;Solo;Taman Hiburan
993;Ward993;Ward;Gerred;Male;ward.gerred@gmail.com;Solo;Cagar Alam
994;Oralee994;Oralee;Winwood;Female;oralee.winwood@gmail.com;Madiun  ;Pusat Perbelanjaan
995;Savina995;Savina;Roddam;Female;savina.roddam@gmail.com;Madiun  ;Bahari 
996;Freddi996;Freddi;Tommis;Female;freddi.tommis@gmail.com;Ngawi  ;Tempat Ibadah
997;Stacy997;Stacy;Wrist;Male;stacy.wrist@gmail.com;Sidoarjo  ;Budaya 
998;Frederico998;Frederico;Abbie;Male;frederico.abbie@gmail.com;Sidoarjo  ;Perbelanjaan 
999;Nicolai999;Nicolai;Grogona;Male;nicolai.grogona@gmail.com;Malang  ;Tempat Ibadah
1000;Corrianne1000;Corrianne;Betke;Female;corrianne.betke@gmail.com;Malang  ;Taman Hiburan
